time_s,nmc_21700_5ah,lfp_prismatic_100ah,nmc_pouch_power
0.0000,-4.8500,-100.0000,-40.0000
1.0000,-4.8500,-100.0000,-40.0000
2.0000,-4.8500,-100.0000,-40.0000
3.0000,-4.8500,-100.0000,-40.0000
4.0000,-4.8500,-100.0000,-40.0000
5.0000,-4.8500,-100.0000,-40.0000
6.0000,-4.8500,-100.0000,-40.0000
7.0000,-4.8500,-100.0000,-40.0000
8.0000,-4.8500,-100.0000,-40.0000
9.0000,-4.8500,-100.0000,-40.0000
10.0000,-4.8500,-100.0000,-40.0000
11.0000,-4.8500,-100.0000,-40.0000
12.0000,-4.8500,-100.0000,-40.0000
13.0000,-4.8500,-100.0000,-40.0000
14.0000,-4.8500,-100.0000,-40.0000
15.0000,-4.8500,-100.0000,-40.0000
16.0000,-4.8500,-100.0000,-40.0000
17.0000,-4.8500,-100.0000,-40.0000
18.0000,-4.8500,-100.0000,-40.0000
19.0000,-4.8500,-100.0000,-40.0000
20.0000,-4.8500,-100.0000,-40.0000
21.0000,-4.8500,-100.0000,-40.0000
22.0000,-4.8500,-100.0000,-40.0000
23.0000,-4.8500,-100.0000,-40.0000
24.0000,-4.8500,-100.0000,-40.0000
25.0000,-4.8500,-100.0000,-40.0000
26.0000,-4.8500,-100.0000,-40.0000
27.0000,-4.8500,-100.0000,-40.0000
28.0000,-4.8500,-100.0000,-40.0000
29.0000,-4.8500,-100.0000,-40.0000
30.0000,-4.8500,-100.0000,-40.0000
31.0000,-4.8500,-100.0000,-40.0000
32.0000,-4.8500,-100.0000,-40.0000
33.0000,-4.8500,-100.0000,-40.0000
34.0000,-4.8500,-100.0000,-40.0000
35.0000,-4.8500,-100.0000,-40.0000
36.0000,-4.8500,-100.0000,-40.0000
37.0000,-4.8500,-100.0000,-40.0000
38.0000,-4.8500,-100.0000,-40.0000
39.0000,-4.8500,-100.0000,-40.0000
40.0000,-4.8500,-100.0000,-40.0000
41.0000,-4.8500,-100.0000,-40.0000
42.0000,-4.8500,-100.0000,-40.0000
43.0000,-4.8500,-100.0000,-40.0000
44.0000,-4.8500,-100.0000,-40.0000
45.0000,-4.8500,-100.0000,-40.0000
46.0000,-4.8500,-100.0000,-40.0000
47.0000,-4.8500,-100.0000,-40.0000
48.0000,-4.8500,-100.0000,-40.0000
49.0000,-4.8500,-100.0000,-40.0000
50.0000,-4.8500,-100.0000,-40.0000
51.0000,-4.8500,-100.0000,-40.0000
52.0000,-4.8500,-100.0000,-40.0000
53.0000,-4.8500,-100.0000,-40.0000
54.0000,-4.8500,-100.0000,-40.0000
55.0000,-4.8500,-100.0000,-40.0000
56.0000,-4.8500,-100.0000,-40.0000
57.0000,-4.8500,-100.0000,-40.0000
58.0000,-4.8500,-100.0000,-40.0000
59.0000,-4.8500,-100.0000,-40.0000
60.0000,-4.8500,-100.0000,-40.0000
61.0000,-4.8500,-100.0000,-40.0000
62.0000,-4.8500,-100.0000,-40.0000
63.0000,-4.8500,-100.0000,-40.0000
64.0000,-4.8500,-100.0000,-40.0000
65.0000,-4.8500,-100.0000,-40.0000
66.0000,-4.8500,-100.0000,-40.0000
67.0000,-4.8500,-100.0000,-40.0000
68.0000,-4.8500,-100.0000,-40.0000
69.0000,-4.8500,-100.0000,-40.0000
70.0000,-4.8500,-100.0000,-40.0000
71.0000,-4.8500,-100.0000,-40.0000
72.0000,-4.8500,-100.0000,-40.0000
73.0000,-4.8500,-100.0000,-40.0000
74.0000,-4.8500,-100.0000,-40.0000
75.0000,-4.8500,-100.0000,-40.0000
76.0000,-4.8500,-100.0000,-40.0000
77.0000,-4.8500,-100.0000,-40.0000
78.0000,-4.8500,-100.0000,-40.0000
79.0000,-4.8500,-100.0000,-40.0000
80.0000,-4.8500,-100.0000,-40.0000
81.0000,-4.8500,-100.0000,-40.0000
82.0000,-4.8500,-100.0000,-40.0000
83.0000,-4.8500,-100.0000,-40.0000
84.0000,-4.8500,-100.0000,-40.0000
85.0000,-4.8500,-100.0000,-40.0000
86.0000,-4.8500,-100.0000,-40.0000
87.0000,-4.8500,-100.0000,-40.0000
88.0000,-4.8500,-100.0000,-40.0000
89.0000,-4.8500,-100.0000,-40.0000
90.0000,-4.8500,-100.0000,-40.0000
91.0000,-4.8500,-100.0000,-40.0000
92.0000,-4.8500,-100.0000,-40.0000
93.0000,-4.8500,-100.0000,-40.0000
94.0000,-4.8500,-100.0000,-40.0000
95.0000,-4.8500,-100.0000,-40.0000
96.0000,-4.8500,-100.0000,-40.0000
97.0000,-4.8500,-100.0000,-40.0000
98.0000,-4.8500,-100.0000,-40.0000
99.0000,-4.8500,-100.0000,-40.0000
100.0000,-4.8500,-100.0000,-40.0000
101.0000,-4.8500,-100.0000,-40.0000
102.0000,-4.8500,-100.0000,-40.0000
103.0000,-4.8500,-100.0000,-40.0000
104.0000,-4.8500,-100.0000,-40.0000
105.0000,-4.8500,-100.0000,-40.0000
106.0000,-4.8500,-100.0000,-40.0000
107.0000,-4.8500,-100.0000,-40.0000
108.0000,-4.8500,-100.0000,-40.0000
109.0000,-4.8500,-100.0000,-40.0000
110.0000,-4.8500,-100.0000,-40.0000
111.0000,-4.8500,-100.0000,-40.0000
112.0000,-4.8500,-100.0000,-40.0000
113.0000,-4.8500,-100.0000,-40.0000
114.0000,-4.8500,-100.0000,-40.0000
115.0000,-4.8500,-100.0000,-40.0000
116.0000,-4.8500,-100.0000,-40.0000
117.0000,-4.8500,-100.0000,-40.0000
118.0000,-4.8500,-100.0000,-40.0000
119.0000,-4.8500,-100.0000,-40.0000
120.0000,-4.8500,-100.0000,-40.0000
121.0000,-4.8500,-100.0000,-40.0000
122.0000,-4.8500,-100.0000,-40.0000
123.0000,-4.8500,-100.0000,-40.0000
124.0000,-4.8500,-100.0000,-40.0000
125.0000,-4.8500,-100.0000,-40.0000
126.0000,-4.8500,-100.0000,-40.0000
127.0000,-4.8500,-100.0000,-40.0000
128.0000,-4.8500,-100.0000,-40.0000
129.0000,-4.8500,-100.0000,-40.0000
130.0000,-4.8500,-100.0000,-40.0000
131.0000,-4.8500,-100.0000,-40.0000
132.0000,-4.8500,-100.0000,-40.0000
133.0000,-4.8500,-100.0000,-40.0000
134.0000,-4.8500,-100.0000,-40.0000
135.0000,-4.8500,-100.0000,-40.0000
136.0000,-4.8500,-100.0000,-40.0000
137.0000,-4.8500,-100.0000,-40.0000
138.0000,-4.8500,-100.0000,-40.0000
139.0000,-4.8500,-100.0000,-40.0000
140.0000,-4.8500,-100.0000,-40.0000
141.0000,-4.8500,-100.0000,-40.0000
142.0000,-4.8500,-100.0000,-40.0000
143.0000,-4.8500,-100.0000,-40.0000
144.0000,-4.8500,-100.0000,-40.0000
145.0000,-4.8500,-100.0000,-40.0000
146.0000,-4.8500,-100.0000,-40.0000
147.0000,-4.8500,-100.0000,-40.0000
148.0000,-4.8500,-100.0000,-40.0000
149.0000,-4.8500,-100.0000,-40.0000
150.0000,-4.8500,-100.0000,-40.0000
151.0000,-4.8500,-100.0000,-40.0000
152.0000,-4.8500,-100.0000,-40.0000
153.0000,-4.8500,-100.0000,-40.0000
154.0000,-4.8500,-100.0000,-40.0000
155.0000,-4.8500,-100.0000,-40.0000
156.0000,-4.8500,-100.0000,-40.0000
157.0000,-4.8500,-100.0000,-40.0000
158.0000,-4.8500,-100.0000,-40.0000
159.0000,-4.8500,-100.0000,-40.0000
160.0000,-4.8500,-100.0000,-40.0000
161.0000,-4.8500,-100.0000,-40.0000
162.0000,-4.8500,-100.0000,-40.0000
163.0000,-4.8500,-100.0000,-40.0000
164.0000,-4.8500,-100.0000,-40.0000
165.0000,-4.8500,-100.0000,-40.0000
166.0000,-4.8500,-100.0000,-40.0000
167.0000,-4.8500,-100.0000,-40.0000
168.0000,-4.8500,-100.0000,-40.0000
169.0000,-4.8500,-100.0000,-40.0000
170.0000,-4.8500,-100.0000,-40.0000
171.0000,-4.8500,-100.0000,-40.0000
172.0000,-4.8500,-100.0000,-40.0000
173.0000,-4.8500,-100.0000,-40.0000
174.0000,-4.8500,-100.0000,-40.0000
175.0000,-4.8500,-100.0000,-40.0000
176.0000,-4.8500,-100.0000,-40.0000
177.0000,-4.8500,-100.0000,-40.0000
178.0000,-4.8500,-100.0000,-40.0000
179.0000,-4.8500,-100.0000,-40.0000
180.0000,-4.8500,-100.0000,-40.0000
181.0000,-4.8500,-100.0000,-40.0000
182.0000,-4.8500,-100.0000,-40.0000
183.0000,-4.8500,-100.0000,-40.0000
184.0000,-4.8500,-100.0000,-40.0000
185.0000,-4.8500,-100.0000,-40.0000
186.0000,-4.8500,-100.0000,-40.0000
187.0000,-4.8500,-100.0000,-40.0000
188.0000,-4.8500,-100.0000,-40.0000
189.0000,-4.8500,-100.0000,-40.0000
190.0000,-4.8500,-100.0000,-40.0000
191.0000,-4.8500,-100.0000,-40.0000
192.0000,-4.8500,-100.0000,-40.0000
193.0000,-4.8500,-100.0000,-40.0000
194.0000,-4.8500,-100.0000,-40.0000
195.0000,-4.8500,-100.0000,-40.0000
196.0000,-4.8500,-100.0000,-40.0000
197.0000,-4.8500,-100.0000,-40.0000
198.0000,-4.8500,-100.0000,-40.0000
199.0000,-4.8500,-100.0000,-40.0000
200.0000,-4.8500,-100.0000,-40.0000
201.0000,-4.8500,-100.0000,-40.0000
202.0000,-4.8500,-100.0000,-40.0000
203.0000,-4.8500,-100.0000,-40.0000
204.0000,-4.8500,-100.0000,-40.0000
205.0000,-4.8500,-100.0000,-40.0000
206.0000,-4.8500,-100.0000,-40.0000
207.0000,-4.8500,-100.0000,-40.0000
208.0000,-4.8500,-100.0000,-40.0000
209.0000,-4.8500,-100.0000,-40.0000
210.0000,-4.8500,-100.0000,-40.0000
211.0000,-4.8500,-100.0000,-40.0000
212.0000,-4.8500,-100.0000,-40.0000
213.0000,-4.8500,-100.0000,-40.0000
214.0000,-4.8500,-100.0000,-40.0000
215.0000,-4.8500,-100.0000,-40.0000
216.0000,-4.8500,-100.0000,-40.0000
217.0000,-4.8500,-100.0000,-40.0000
218.0000,-4.8500,-100.0000,-40.0000
219.0000,-4.8500,-100.0000,-40.0000
220.0000,-4.8500,-100.0000,-40.0000
221.0000,-4.8500,-100.0000,-40.0000
222.0000,-4.8500,-100.0000,-40.0000
223.0000,-4.8500,-100.0000,-40.0000
224.0000,-4.8500,-100.0000,-40.0000
225.0000,-4.8500,-100.0000,-40.0000
226.0000,-4.8500,-100.0000,-40.0000
227.0000,-4.8500,-100.0000,-40.0000
228.0000,-4.8500,-100.0000,-40.0000
229.0000,-4.8500,-100.0000,-40.0000
230.0000,-4.8500,-100.0000,-40.0000
231.0000,-4.8500,-100.0000,-40.0000
232.0000,-4.8500,-100.0000,-40.0000
233.0000,-4.8500,-100.0000,-40.0000
234.0000,-4.8500,-100.0000,-40.0000
235.0000,-4.8500,-100.0000,-40.0000
236.0000,-4.8500,-100.0000,-40.0000
237.0000,-4.8500,-100.0000,-40.0000
238.0000,-4.8500,-100.0000,-40.0000
239.0000,-4.8500,-100.0000,-40.0000
240.0000,-4.8500,-100.0000,-40.0000
241.0000,-4.8500,-100.0000,-40.0000
242.0000,-4.8500,-100.0000,-40.0000
243.0000,-4.8500,-100.0000,-40.0000
244.0000,-4.8500,-100.0000,-40.0000
245.0000,-4.8500,-100.0000,-40.0000
246.0000,-4.8500,-100.0000,-40.0000
247.0000,-4.8500,-100.0000,-40.0000
248.0000,-4.8500,-100.0000,-40.0000
249.0000,-4.8500,-100.0000,-40.0000
250.0000,-4.8500,-100.0000,-40.0000
251.0000,-4.8500,-100.0000,-40.0000
252.0000,-4.8500,-100.0000,-40.0000
253.0000,-4.8500,-100.0000,-40.0000
254.0000,-4.8500,-100.0000,-40.0000
255.0000,-4.8500,-100.0000,-40.0000
256.0000,-4.8500,-100.0000,-40.0000
257.0000,-4.8500,-100.0000,-40.0000
258.0000,-4.8500,-100.0000,-40.0000
259.0000,-4.8500,-100.0000,-40.0000
260.0000,-4.8500,-100.0000,-40.0000
261.0000,-4.8500,-100.0000,-40.0000
262.0000,-4.8500,-100.0000,-40.0000
263.0000,-4.8500,-100.0000,-40.0000
264.0000,-4.8500,-100.0000,-40.0000
265.0000,-4.8500,-100.0000,-40.0000
266.0000,-4.8500,-100.0000,-40.0000
267.0000,-4.8500,-100.0000,-40.0000
268.0000,-4.8500,-100.0000,-40.0000
269.0000,-4.8500,-100.0000,-40.0000
270.0000,-4.8500,-100.0000,-40.0000
271.0000,-4.8500,-100.0000,-40.0000
272.0000,-4.8500,-100.0000,-40.0000
273.0000,-4.8500,-100.0000,-40.0000
274.0000,-4.8500,-100.0000,-40.0000
275.0000,-4.8500,-100.0000,-40.0000
276.0000,-4.8500,-100.0000,-40.0000
277.0000,-4.8500,-100.0000,-40.0000
278.0000,-4.8500,-100.0000,-40.0000
279.0000,-4.8500,-100.0000,-40.0000
280.0000,-4.8500,-100.0000,-40.0000
281.0000,-4.8500,-100.0000,-40.0000
282.0000,-4.8500,-100.0000,-40.0000
283.0000,-4.8500,-100.0000,-40.0000
284.0000,-4.8500,-100.0000,-40.0000
285.0000,-4.8500,-100.0000,-40.0000
286.0000,-4.8500,-100.0000,-40.0000
287.0000,-4.8500,-100.0000,-40.0000
288.0000,-4.8500,-100.0000,-40.0000
289.0000,-4.8500,-100.0000,-40.0000
290.0000,-4.8500,-100.0000,-40.0000
291.0000,-4.8500,-100.0000,-40.0000
292.0000,-4.8500,-100.0000,-40.0000
293.0000,-4.8500,-100.0000,-40.0000
294.0000,-4.8500,-100.0000,-40.0000
295.0000,-4.8500,-100.0000,-40.0000
296.0000,-4.8500,-100.0000,-40.0000
297.0000,-4.8500,-100.0000,-40.0000
298.0000,-4.8500,-100.0000,-40.0000
299.0000,-4.8500,-100.0000,-40.0000
300.0000,-4.8500,-100.0000,-40.0000
301.0000,-4.8500,-100.0000,-40.0000
302.0000,-4.8500,-100.0000,-40.0000
303.0000,-4.8500,-100.0000,-40.0000
304.0000,-4.8500,-100.0000,-40.0000
305.0000,-4.8500,-100.0000,-40.0000
306.0000,-4.8500,-100.0000,-40.0000
307.0000,-4.8500,-100.0000,-40.0000
308.0000,-4.8500,-100.0000,-40.0000
309.0000,-4.8500,-100.0000,-40.0000
310.0000,-4.8500,-100.0000,-40.0000
311.0000,-4.8500,-100.0000,-40.0000
312.0000,-4.8500,-100.0000,-40.0000
313.0000,-4.8500,-100.0000,-40.0000
314.0000,-4.8500,-100.0000,-40.0000
315.0000,-4.8500,-100.0000,-40.0000
316.0000,-4.8500,-100.0000,-40.0000
317.0000,-4.8500,-100.0000,-40.0000
318.0000,-4.8500,-100.0000,-40.0000
319.0000,-4.8500,-100.0000,-40.0000
320.0000,-4.8500,-100.0000,-40.0000
321.0000,-4.8500,-100.0000,-40.0000
322.0000,-4.8500,-100.0000,-40.0000
323.0000,-4.8500,-100.0000,-40.0000
324.0000,-4.8500,-100.0000,-40.0000
325.0000,-4.8500,-100.0000,-40.0000
326.0000,-4.8500,-100.0000,-40.0000
327.0000,-4.8500,-100.0000,-40.0000
328.0000,-4.8500,-100.0000,-40.0000
329.0000,-4.8500,-100.0000,-40.0000
330.0000,-4.8500,-100.0000,-40.0000
331.0000,-4.8500,-100.0000,-40.0000
332.0000,-4.8500,-100.0000,-40.0000
333.0000,-4.8500,-100.0000,-40.0000
334.0000,-4.8500,-100.0000,-40.0000
335.0000,-4.8500,-100.0000,-40.0000
336.0000,-4.8500,-100.0000,-40.0000
337.0000,-4.8500,-100.0000,-40.0000
338.0000,-4.8500,-100.0000,-40.0000
339.0000,-4.8500,-100.0000,-40.0000
340.0000,-4.8500,-100.0000,-40.0000
341.0000,-4.8500,-100.0000,-40.0000
342.0000,-4.8500,-100.0000,-40.0000
343.0000,-4.8500,-100.0000,-40.0000
344.0000,-4.8500,-100.0000,-40.0000
345.0000,-4.8500,-100.0000,-40.0000
346.0000,-4.8500,-100.0000,-40.0000
347.0000,-4.8500,-100.0000,-40.0000
348.0000,-4.8500,-100.0000,-40.0000
349.0000,-4.8500,-100.0000,-40.0000
350.0000,-4.8500,-100.0000,-40.0000
351.0000,-4.8500,-100.0000,-40.0000
352.0000,-4.8500,-100.0000,-40.0000
353.0000,-4.8500,-100.0000,-40.0000
354.0000,-4.8500,-100.0000,-40.0000
355.0000,-4.8500,-100.0000,-40.0000
356.0000,-4.8500,-100.0000,-40.0000
357.0000,-4.8500,-100.0000,-40.0000
358.0000,-4.8500,-100.0000,-40.0000
359.0000,-4.8500,-100.0000,-40.0000
360.0000,-4.8500,-100.0000,-40.0000
361.0000,-4.8500,-100.0000,-40.0000
362.0000,-4.8500,-100.0000,-40.0000
363.0000,-4.8500,-100.0000,-40.0000
364.0000,-4.8500,-100.0000,-40.0000
365.0000,-4.8500,-100.0000,-40.0000
366.0000,-4.8500,-100.0000,-40.0000
367.0000,-4.8500,-100.0000,-40.0000
368.0000,-4.8500,-100.0000,-40.0000
369.0000,-4.8500,-100.0000,-40.0000
370.0000,-4.8500,-100.0000,-40.0000
371.0000,-4.8500,-100.0000,-40.0000
372.0000,-4.8500,-100.0000,-40.0000
373.0000,-4.8500,-100.0000,-40.0000
374.0000,-4.8500,-100.0000,-40.0000
375.0000,-4.8500,-100.0000,-40.0000
376.0000,-4.8500,-100.0000,-40.0000
377.0000,-4.8500,-100.0000,-40.0000
378.0000,-4.8500,-100.0000,-40.0000
379.0000,-4.8500,-100.0000,-40.0000
380.0000,-4.8500,-100.0000,-40.0000
381.0000,-4.8500,-100.0000,-40.0000
382.0000,-4.8500,-100.0000,-40.0000
383.0000,-4.8500,-100.0000,-40.0000
384.0000,-4.8500,-100.0000,-40.0000
385.0000,-4.8500,-100.0000,-40.0000
386.0000,-4.8500,-100.0000,-40.0000
387.0000,-4.8500,-100.0000,-40.0000
388.0000,-4.8500,-100.0000,-40.0000
389.0000,-4.8500,-100.0000,-40.0000
390.0000,-4.8500,-100.0000,-40.0000
391.0000,-4.8500,-100.0000,-40.0000
392.0000,-4.8500,-100.0000,-40.0000
393.0000,-4.8500,-100.0000,-40.0000
394.0000,-4.8500,-100.0000,-40.0000
395.0000,-4.8500,-100.0000,-40.0000
396.0000,-4.8500,-100.0000,-40.0000
397.0000,-4.8500,-100.0000,-40.0000
398.0000,-4.8500,-100.0000,-40.0000
399.0000,-4.8500,-100.0000,-40.0000
400.0000,-4.8500,-100.0000,-40.0000
401.0000,-4.8500,-100.0000,-40.0000
402.0000,-4.8500,-100.0000,-40.0000
403.0000,-4.8500,-100.0000,-40.0000
404.0000,-4.8500,-100.0000,-40.0000
405.0000,-4.8500,-100.0000,-40.0000
406.0000,-4.8500,-100.0000,-40.0000
407.0000,-4.8500,-100.0000,-40.0000
408.0000,-4.8500,-100.0000,-40.0000
409.0000,-4.8500,-100.0000,-40.0000
410.0000,-4.8500,-100.0000,-40.0000
411.0000,-4.8500,-100.0000,-40.0000
412.0000,-4.8500,-100.0000,-40.0000
413.0000,-4.8500,-100.0000,-40.0000
414.0000,-4.8500,-100.0000,-40.0000
415.0000,-4.8500,-100.0000,-40.0000
416.0000,-4.8500,-100.0000,-40.0000
417.0000,-4.8500,-100.0000,-40.0000
418.0000,-4.8500,-100.0000,-40.0000
419.0000,-4.8500,-100.0000,-40.0000
420.0000,-4.8500,-100.0000,-40.0000
421.0000,-4.8500,-100.0000,-40.0000
422.0000,-4.8500,-100.0000,-40.0000
423.0000,-4.8500,-100.0000,-40.0000
424.0000,-4.8500,-100.0000,-40.0000
425.0000,-4.8500,-100.0000,-40.0000
426.0000,-4.8500,-100.0000,-40.0000
427.0000,-4.8500,-100.0000,-40.0000
428.0000,-4.8500,-100.0000,-40.0000
429.0000,-4.8500,-100.0000,-40.0000
430.0000,-4.8500,-100.0000,-40.0000
431.0000,-4.8500,-100.0000,-40.0000
432.0000,-4.8500,-100.0000,-40.0000
433.0000,-4.8500,-100.0000,-40.0000
434.0000,-4.8500,-100.0000,-40.0000
435.0000,-4.8500,-100.0000,-40.0000
436.0000,-4.8500,-100.0000,-40.0000
437.0000,-4.8500,-100.0000,-40.0000
438.0000,-4.8500,-100.0000,-40.0000
439.0000,-4.8500,-100.0000,-40.0000
440.0000,-4.8500,-100.0000,-40.0000
441.0000,-4.8500,-100.0000,-40.0000
442.0000,-4.8500,-100.0000,-40.0000
443.0000,-4.8500,-100.0000,-40.0000
444.0000,-4.8500,-100.0000,-40.0000
445.0000,-4.8500,-100.0000,-40.0000
446.0000,-4.8500,-100.0000,-40.0000
447.0000,-4.8500,-100.0000,-40.0000
448.0000,-4.8500,-100.0000,-40.0000
449.0000,-4.8500,-100.0000,-40.0000
450.0000,-4.8500,-100.0000,-40.0000
451.0000,-4.8500,-100.0000,-40.0000
452.0000,-4.8500,-100.0000,-40.0000
453.0000,-4.8500,-100.0000,-40.0000
454.0000,-4.8500,-100.0000,-40.0000
455.0000,-4.8500,-100.0000,-40.0000
456.0000,-4.8500,-100.0000,-40.0000
457.0000,-4.8500,-100.0000,-40.0000
458.0000,-4.8500,-100.0000,-40.0000
459.0000,-4.8500,-100.0000,-40.0000
460.0000,-4.8500,-100.0000,-40.0000
461.0000,-4.8500,-100.0000,-40.0000
462.0000,-4.8500,-100.0000,-40.0000
463.0000,-4.8500,-100.0000,-40.0000
464.0000,-4.8500,-100.0000,-40.0000
465.0000,-4.8500,-100.0000,-40.0000
466.0000,-4.8500,-100.0000,-40.0000
467.0000,-4.8500,-100.0000,-40.0000
468.0000,-4.8500,-100.0000,-40.0000
469.0000,-4.8500,-100.0000,-40.0000
470.0000,-4.8500,-100.0000,-40.0000
471.0000,-4.8500,-100.0000,-40.0000
472.0000,-4.8500,-100.0000,-40.0000
473.0000,-4.8500,-100.0000,-40.0000
474.0000,-4.8500,-100.0000,-40.0000
475.0000,-4.8500,-100.0000,-40.0000
476.0000,-4.8500,-100.0000,-40.0000
477.0000,-4.8500,-100.0000,-40.0000
478.0000,-4.8500,-100.0000,-40.0000
479.0000,-4.8500,-100.0000,-40.0000
480.0000,-4.8500,-100.0000,-40.0000
481.0000,-4.8500,-100.0000,-40.0000
482.0000,-4.8500,-100.0000,-40.0000
483.0000,-4.8500,-100.0000,-40.0000
484.0000,-4.8500,-100.0000,-40.0000
485.0000,-4.8500,-100.0000,-40.0000
486.0000,-4.8500,-100.0000,-40.0000
487.0000,-4.8500,-100.0000,-40.0000
488.0000,-4.8500,-100.0000,-40.0000
489.0000,-4.8500,-100.0000,-40.0000
490.0000,-4.8500,-100.0000,-40.0000
491.0000,-4.8500,-100.0000,-40.0000
492.0000,-4.8500,-100.0000,-40.0000
493.0000,-4.8500,-100.0000,-40.0000
494.0000,-4.8500,-100.0000,-40.0000
495.0000,-4.8500,-100.0000,-40.0000
496.0000,-4.8500,-100.0000,-40.0000
497.0000,-4.8500,-100.0000,-40.0000
498.0000,-4.8500,-100.0000,-40.0000
499.0000,-4.8500,-100.0000,-40.0000
500.0000,-4.8500,-100.0000,-40.0000
501.0000,-4.8500,-100.0000,-40.0000
502.0000,-4.8500,-100.0000,-40.0000
503.0000,-4.8500,-100.0000,-40.0000
504.0000,-4.8500,-100.0000,-40.0000
505.0000,-4.8500,-100.0000,-40.0000
506.0000,-4.8500,-100.0000,-40.0000
507.0000,-4.8500,-100.0000,-40.0000
508.0000,-4.8500,-100.0000,-40.0000
509.0000,-4.8500,-100.0000,-40.0000
510.0000,-4.8500,-100.0000,-40.0000
511.0000,-4.8500,-100.0000,-40.0000
512.0000,-4.8500,-100.0000,-40.0000
513.0000,-4.8500,-100.0000,-40.0000
514.0000,-4.8500,-100.0000,-40.0000
515.0000,-4.8500,-100.0000,-40.0000
516.0000,-4.8500,-100.0000,-40.0000
517.0000,-4.8500,-100.0000,-40.0000
518.0000,-4.8500,-100.0000,-40.0000
519.0000,-4.8500,-100.0000,-40.0000
520.0000,-4.8500,-100.0000,-40.0000
521.0000,-4.8500,-100.0000,-40.0000
522.0000,-4.8500,-100.0000,-40.0000
523.0000,-4.8500,-100.0000,-40.0000
524.0000,-4.8500,-100.0000,-40.0000
525.0000,-4.8500,-100.0000,-40.0000
526.0000,-4.8500,-100.0000,-40.0000
527.0000,-4.8500,-100.0000,-40.0000
528.0000,-4.8500,-100.0000,-40.0000
529.0000,-4.8500,-100.0000,-40.0000
530.0000,-4.8500,-100.0000,-40.0000
531.0000,-4.8500,-100.0000,-40.0000
532.0000,-4.8500,-100.0000,-40.0000
533.0000,-4.8500,-100.0000,-40.0000
534.0000,-4.8500,-100.0000,-40.0000
535.0000,-4.8500,-100.0000,-40.0000
536.0000,-4.8500,-100.0000,-40.0000
537.0000,-4.8500,-100.0000,-40.0000
538.0000,-4.8500,-100.0000,-40.0000
539.0000,-4.8500,-100.0000,-40.0000
540.0000,-4.8500,-100.0000,-40.0000
541.0000,-4.8500,-100.0000,-40.0000
542.0000,-4.8500,-100.0000,-40.0000
543.0000,-4.8500,-100.0000,-40.0000
544.0000,-4.8500,-100.0000,-40.0000
545.0000,-4.8500,-100.0000,-40.0000
546.0000,-4.8500,-100.0000,-40.0000
547.0000,-4.8500,-100.0000,-40.0000
548.0000,-4.8500,-100.0000,-40.0000
549.0000,-4.8500,-100.0000,-40.0000
550.0000,-4.8500,-100.0000,-40.0000
551.0000,-4.8500,-100.0000,-40.0000
552.0000,-4.8500,-100.0000,-40.0000
553.0000,-4.8500,-100.0000,-40.0000
554.0000,-4.8500,-100.0000,-40.0000
555.0000,-4.8500,-100.0000,-40.0000
556.0000,-4.8500,-100.0000,-40.0000
557.0000,-4.8500,-100.0000,-40.0000
558.0000,-4.8500,-100.0000,-40.0000
559.0000,-4.8500,-100.0000,-40.0000
560.0000,-4.8500,-100.0000,-40.0000
561.0000,-4.8500,-100.0000,-40.0000
562.0000,-4.8500,-100.0000,-40.0000
563.0000,-4.8500,-100.0000,-40.0000
564.0000,-4.8500,-100.0000,-40.0000
565.0000,-4.8500,-100.0000,-40.0000
566.0000,-4.8500,-100.0000,-40.0000
567.0000,-4.8500,-100.0000,-40.0000
568.0000,-4.8500,-100.0000,-40.0000
569.0000,-4.8500,-100.0000,-40.0000
570.0000,-4.8500,-100.0000,-40.0000
571.0000,-4.8500,-100.0000,-40.0000
572.0000,-4.8500,-100.0000,-40.0000
573.0000,-4.8500,-100.0000,-40.0000
574.0000,-4.8500,-100.0000,-40.0000
575.0000,-4.8500,-100.0000,-40.0000
576.0000,-4.8500,-100.0000,-40.0000
577.0000,-4.8500,-100.0000,-40.0000
578.0000,-4.8500,-100.0000,-40.0000
579.0000,-4.8500,-100.0000,-40.0000
580.0000,-4.8500,-100.0000,-40.0000
581.0000,-4.8500,-100.0000,-40.0000
582.0000,-4.8500,-100.0000,-40.0000
583.0000,-4.8500,-100.0000,-40.0000
584.0000,-4.8500,-100.0000,-40.0000
585.0000,-4.8500,-100.0000,-40.0000
586.0000,-4.8500,-100.0000,-40.0000
587.0000,-4.8500,-100.0000,-40.0000
588.0000,-4.8500,-100.0000,-40.0000
589.0000,-4.8500,-100.0000,-40.0000
590.0000,-4.8500,-100.0000,-40.0000
591.0000,-4.8500,-100.0000,-40.0000
592.0000,-4.8500,-100.0000,-40.0000
593.0000,-4.8500,-100.0000,-40.0000
594.0000,-4.8500,-100.0000,-40.0000
595.0000,-4.8500,-100.0000,-40.0000
596.0000,-4.8500,-100.0000,-40.0000
597.0000,-4.8500,-100.0000,-40.0000
598.0000,-4.8500,-100.0000,-40.0000
599.0000,-4.8500,-100.0000,-40.0000
600.0000,-4.8500,-100.0000,-40.0000
601.0000,-4.8500,-100.0000,-40.0000
602.0000,-4.8500,-100.0000,-40.0000
603.0000,-4.8500,-100.0000,-40.0000
604.0000,-4.8500,-100.0000,-40.0000
605.0000,-4.8500,-100.0000,-40.0000
606.0000,-4.8500,-100.0000,-40.0000
607.0000,-4.8500,-100.0000,-40.0000
608.0000,-4.8500,-100.0000,-40.0000
609.0000,-4.8500,-100.0000,-40.0000
610.0000,-4.8500,-100.0000,-40.0000
611.0000,-4.8500,-100.0000,-40.0000
612.0000,-4.8500,-100.0000,-40.0000
613.0000,-4.8500,-100.0000,-40.0000
614.0000,-4.8500,-100.0000,-40.0000
615.0000,-4.8500,-100.0000,-40.0000
616.0000,-4.8500,-100.0000,-40.0000
617.0000,-4.8500,-100.0000,-40.0000
618.0000,-4.8500,-100.0000,-40.0000
619.0000,-4.8500,-100.0000,-40.0000
620.0000,-4.8500,-100.0000,-40.0000
621.0000,-4.8500,-100.0000,-40.0000
622.0000,-4.8500,-100.0000,-40.0000
623.0000,-4.8500,-100.0000,-40.0000
624.0000,-4.8500,-100.0000,-40.0000
625.0000,-4.8500,-100.0000,-40.0000
626.0000,-4.8500,-100.0000,-40.0000
627.0000,-4.8500,-100.0000,-40.0000
628.0000,-4.8500,-100.0000,-40.0000
629.0000,-4.8500,-100.0000,-40.0000
630.0000,-4.8500,-100.0000,-40.0000
631.0000,-4.8500,-100.0000,-40.0000
632.0000,-4.8500,-100.0000,-40.0000
633.0000,-4.8500,-100.0000,-40.0000
634.0000,-4.8500,-100.0000,-40.0000
635.0000,-4.8500,-100.0000,-40.0000
636.0000,-4.8500,-100.0000,-40.0000
637.0000,-4.8500,-100.0000,-40.0000
638.0000,-4.8500,-100.0000,-40.0000
639.0000,-4.8500,-100.0000,-40.0000
640.0000,-4.8500,-100.0000,-40.0000
641.0000,-4.8500,-100.0000,-40.0000
642.0000,-4.8500,-100.0000,-40.0000
643.0000,-4.8500,-100.0000,-40.0000
644.0000,-4.8500,-100.0000,-40.0000
645.0000,-4.8500,-100.0000,-40.0000
646.0000,-4.8500,-100.0000,-40.0000
647.0000,-4.8500,-100.0000,-40.0000
648.0000,-4.8500,-100.0000,-40.0000
649.0000,-4.8500,-100.0000,-40.0000
650.0000,-4.8500,-100.0000,-40.0000
651.0000,-4.8500,-100.0000,-40.0000
652.0000,-4.8500,-100.0000,-40.0000
653.0000,-4.8500,-100.0000,-40.0000
654.0000,-4.8500,-100.0000,-40.0000
655.0000,-4.8500,-100.0000,-40.0000
656.0000,-4.8500,-100.0000,-40.0000
657.0000,-4.8500,-100.0000,-40.0000
658.0000,-4.8500,-100.0000,-40.0000
659.0000,-4.8500,-100.0000,-40.0000
660.0000,-4.8500,-100.0000,-40.0000
661.0000,-4.8500,-100.0000,-40.0000
662.0000,-4.8500,-100.0000,-40.0000
663.0000,-4.8500,-100.0000,-40.0000
664.0000,-4.8500,-100.0000,-40.0000
665.0000,-4.8500,-100.0000,-40.0000
666.0000,-4.8500,-100.0000,-40.0000
667.0000,-4.8500,-100.0000,-40.0000
668.0000,-4.8500,-100.0000,-40.0000
669.0000,-4.8500,-100.0000,-40.0000
670.0000,-4.8500,-100.0000,-40.0000
671.0000,-4.8500,-100.0000,-40.0000
672.0000,-4.8500,-100.0000,-40.0000
673.0000,-4.8500,-100.0000,-40.0000
674.0000,-4.8500,-100.0000,-40.0000
675.0000,-4.8500,-100.0000,-40.0000
676.0000,-4.8500,-100.0000,-40.0000
677.0000,-4.8500,-100.0000,-40.0000
678.0000,-4.8500,-100.0000,-40.0000
679.0000,-4.8500,-100.0000,-40.0000
680.0000,-4.8500,-100.0000,-40.0000
681.0000,-4.8500,-100.0000,-40.0000
682.0000,-4.8500,-100.0000,-40.0000
683.0000,-4.8500,-100.0000,-40.0000
684.0000,-4.8500,-100.0000,-40.0000
685.0000,-4.8500,-100.0000,-40.0000
686.0000,-4.8500,-100.0000,-40.0000
687.0000,-4.8500,-100.0000,-40.0000
688.0000,-4.8500,-100.0000,-40.0000
689.0000,-4.8500,-100.0000,-40.0000
690.0000,-4.8500,-100.0000,-40.0000
691.0000,-4.8500,-100.0000,-40.0000
692.0000,-4.8500,-100.0000,-40.0000
693.0000,-4.8500,-100.0000,-40.0000
694.0000,-4.8500,-100.0000,-40.0000
695.0000,-4.8500,-100.0000,-40.0000
696.0000,-4.8500,-100.0000,-40.0000
697.0000,-4.8500,-100.0000,-40.0000
698.0000,-4.8500,-100.0000,-40.0000
699.0000,-4.8500,-100.0000,-40.0000
700.0000,-4.8500,-100.0000,-40.0000
701.0000,-4.8500,-100.0000,-40.0000
702.0000,-4.8500,-100.0000,-40.0000
703.0000,-4.8500,-100.0000,-40.0000
704.0000,-4.8500,-100.0000,-40.0000
705.0000,-4.8500,-100.0000,-40.0000
706.0000,-4.8500,-100.0000,-40.0000
707.0000,-4.8500,-100.0000,-40.0000
708.0000,-4.8500,-100.0000,-40.0000
709.0000,-4.8500,-100.0000,-40.0000
710.0000,-4.8500,-100.0000,-40.0000
711.0000,-4.8500,-100.0000,-40.0000
712.0000,-4.8500,-100.0000,-40.0000
713.0000,-4.8500,-100.0000,-40.0000
714.0000,-4.8500,-100.0000,-40.0000
715.0000,-4.8500,-100.0000,-40.0000
716.0000,-4.8500,-100.0000,-40.0000
717.0000,-4.8500,-100.0000,-40.0000
718.0000,-4.8500,-100.0000,-40.0000
719.0000,-4.8500,-100.0000,-40.0000
720.0000,-4.8500,-100.0000,-40.0000
721.0000,-4.8500,-100.0000,-40.0000
722.0000,-4.8500,-100.0000,-40.0000
723.0000,-4.8500,-100.0000,-40.0000
724.0000,-4.8500,-100.0000,-40.0000
725.0000,-4.8500,-100.0000,-40.0000
726.0000,-4.8500,-100.0000,-40.0000
727.0000,-4.8500,-100.0000,-40.0000
728.0000,-4.8500,-100.0000,-40.0000
729.0000,-4.8500,-100.0000,-40.0000
730.0000,-4.8500,-100.0000,-40.0000
731.0000,-4.8500,-100.0000,-40.0000
732.0000,-4.8500,-100.0000,-40.0000
733.0000,-4.8500,-100.0000,-40.0000
734.0000,-4.8500,-100.0000,-40.0000
735.0000,-4.8500,-100.0000,-40.0000
736.0000,-4.8500,-100.0000,-40.0000
737.0000,-4.8500,-100.0000,-40.0000
738.0000,-4.8500,-100.0000,-40.0000
739.0000,-4.8500,-100.0000,-40.0000
740.0000,-4.8500,-100.0000,-40.0000
741.0000,-4.8500,-100.0000,-40.0000
742.0000,-4.8500,-100.0000,-40.0000
743.0000,-4.8500,-100.0000,-40.0000
744.0000,-4.8500,-100.0000,-40.0000
745.0000,-4.8500,-100.0000,-40.0000
746.0000,-4.8500,-100.0000,-40.0000
747.0000,-4.8500,-100.0000,-40.0000
748.0000,-4.8500,-100.0000,-40.0000
749.0000,-4.8500,-100.0000,-40.0000
750.0000,-4.8500,-100.0000,-40.0000
751.0000,-4.8500,-100.0000,-40.0000
752.0000,-4.8500,-100.0000,-40.0000
753.0000,-4.8500,-100.0000,-40.0000
754.0000,-4.8500,-100.0000,-40.0000
755.0000,-4.8500,-100.0000,-40.0000
756.0000,-4.8500,-100.0000,-40.0000
757.0000,-4.8500,-100.0000,-40.0000
758.0000,-4.8500,-100.0000,-40.0000
759.0000,-4.8500,-100.0000,-40.0000
760.0000,-4.8500,-100.0000,-40.0000
761.0000,-4.8500,-100.0000,-40.0000
762.0000,-4.8500,-100.0000,-40.0000
763.0000,-4.8500,-100.0000,-40.0000
764.0000,-4.8500,-100.0000,-40.0000
765.0000,-4.8500,-100.0000,-40.0000
766.0000,-4.8500,-100.0000,-40.0000
767.0000,-4.8500,-100.0000,-40.0000
768.0000,-4.8500,-100.0000,-40.0000
769.0000,-4.8500,-100.0000,-40.0000
770.0000,-4.8500,-100.0000,-40.0000
771.0000,-4.8500,-100.0000,-40.0000
772.0000,-4.8500,-100.0000,-40.0000
773.0000,-4.8500,-100.0000,-40.0000
774.0000,-4.8500,-100.0000,-40.0000
775.0000,-4.8500,-100.0000,-40.0000
776.0000,-4.8500,-100.0000,-40.0000
777.0000,-4.8500,-100.0000,-40.0000
778.0000,-4.8500,-100.0000,-40.0000
779.0000,-4.8500,-100.0000,-40.0000
780.0000,-4.8500,-100.0000,-40.0000
781.0000,-4.8500,-100.0000,-40.0000
782.0000,-4.8500,-100.0000,-40.0000
783.0000,-4.8500,-100.0000,-40.0000
784.0000,-4.8500,-100.0000,-40.0000
785.0000,-4.8500,-100.0000,-40.0000
786.0000,-4.8500,-100.0000,-40.0000
787.0000,-4.8500,-100.0000,-40.0000
788.0000,-4.8500,-100.0000,-40.0000
789.0000,-4.8500,-100.0000,-40.0000
790.0000,-4.8500,-100.0000,-40.0000
791.0000,-4.8500,-100.0000,-40.0000
792.0000,-4.8500,-100.0000,-40.0000
793.0000,-4.8500,-100.0000,-40.0000
794.0000,-4.8500,-100.0000,-40.0000
795.0000,-4.8500,-100.0000,-40.0000
796.0000,-4.8500,-100.0000,-40.0000
797.0000,-4.8500,-100.0000,-40.0000
798.0000,-4.8500,-100.0000,-40.0000
799.0000,-4.8500,-100.0000,-40.0000
800.0000,-4.8500,-100.0000,-40.0000
801.0000,-4.8500,-100.0000,-40.0000
802.0000,-4.8500,-100.0000,-40.0000
803.0000,-4.8500,-100.0000,-40.0000
804.0000,-4.8500,-100.0000,-40.0000
805.0000,-4.8500,-100.0000,-40.0000
806.0000,-4.8500,-100.0000,-40.0000
807.0000,-4.8500,-100.0000,-40.0000
808.0000,-4.8500,-100.0000,-40.0000
809.0000,-4.8500,-100.0000,-40.0000
810.0000,-4.8500,-100.0000,-40.0000
811.0000,-4.8500,-100.0000,-40.0000
812.0000,-4.8500,-100.0000,-40.0000
813.0000,-4.8500,-100.0000,-40.0000
814.0000,-4.8500,-100.0000,-40.0000
815.0000,-4.8500,-100.0000,-40.0000
816.0000,-4.8500,-100.0000,-40.0000
817.0000,-4.8500,-100.0000,-40.0000
818.0000,-4.8500,-100.0000,-40.0000
819.0000,-4.8500,-100.0000,-40.0000
820.0000,-4.8500,-100.0000,-40.0000
821.0000,-4.8500,-100.0000,-40.0000
822.0000,-4.8500,-100.0000,-40.0000
823.0000,-4.8500,-100.0000,-40.0000
824.0000,-4.8500,-100.0000,-40.0000
825.0000,-4.8500,-100.0000,-40.0000
826.0000,-4.8500,-100.0000,-40.0000
827.0000,-4.8500,-100.0000,-40.0000
828.0000,-4.8500,-100.0000,-40.0000
829.0000,-4.8500,-100.0000,-40.0000
830.0000,-4.8500,-100.0000,-40.0000
831.0000,-4.8500,-100.0000,-40.0000
832.0000,-4.8500,-100.0000,-40.0000
833.0000,-4.8500,-100.0000,-40.0000
834.0000,-4.8500,-100.0000,-40.0000
835.0000,-4.8500,-100.0000,-40.0000
836.0000,-4.8500,-100.0000,-40.0000
837.0000,-4.8500,-100.0000,-40.0000
838.0000,-4.8500,-100.0000,-40.0000
839.0000,-4.8500,-100.0000,-40.0000
840.0000,-4.8500,-100.0000,-40.0000
841.0000,-4.8500,-100.0000,-40.0000
842.0000,-4.8500,-100.0000,-40.0000
843.0000,-4.8500,-100.0000,-40.0000
844.0000,-4.8500,-100.0000,-40.0000
845.0000,-4.8500,-100.0000,-40.0000
846.0000,-4.8500,-100.0000,-40.0000
847.0000,-4.8500,-100.0000,-40.0000
848.0000,-4.8500,-100.0000,-40.0000
849.0000,-4.8500,-100.0000,-40.0000
850.0000,-4.8500,-100.0000,-40.0000
851.0000,-4.8500,-100.0000,-40.0000
852.0000,-4.8500,-100.0000,-40.0000
853.0000,-4.8500,-100.0000,-40.0000
854.0000,-4.8500,-100.0000,-40.0000
855.0000,-4.8500,-100.0000,-40.0000
856.0000,-4.8500,-100.0000,-40.0000
857.0000,-4.8500,-100.0000,-40.0000
858.0000,-4.8500,-100.0000,-40.0000
859.0000,-4.8500,-100.0000,-40.0000
860.0000,-4.8500,-100.0000,-40.0000
861.0000,-4.8500,-100.0000,-40.0000
862.0000,-4.8500,-100.0000,-40.0000
863.0000,-4.8500,-100.0000,-40.0000
864.0000,-4.8500,-100.0000,-40.0000
865.0000,-4.8500,-100.0000,-40.0000
866.0000,-4.8500,-100.0000,-40.0000
867.0000,-4.8500,-100.0000,-40.0000
868.0000,-4.8500,-100.0000,-40.0000
869.0000,-4.8500,-100.0000,-40.0000
870.0000,-4.8500,-100.0000,-40.0000
871.0000,-4.8500,-100.0000,-40.0000
872.0000,-4.8500,-100.0000,-40.0000
873.0000,-4.8500,-100.0000,-40.0000
874.0000,-4.8500,-100.0000,-40.0000
875.0000,-4.8500,-100.0000,-40.0000
876.0000,-4.8500,-100.0000,-40.0000
877.0000,-4.8500,-100.0000,-40.0000
878.0000,-4.8500,-100.0000,-40.0000
879.0000,-4.8500,-100.0000,-40.0000
880.0000,-4.8500,-100.0000,-40.0000
881.0000,-4.8500,-100.0000,-40.0000
882.0000,-4.8500,-100.0000,-40.0000
883.0000,-4.8500,-100.0000,-40.0000
884.0000,-4.8500,-100.0000,-40.0000
885.0000,-4.8500,-100.0000,-40.0000
886.0000,-4.8500,-100.0000,-40.0000
887.0000,-4.8500,-100.0000,-40.0000
888.0000,-4.8500,-100.0000,-40.0000
889.0000,-4.8500,-100.0000,-40.0000
890.0000,-4.8500,-100.0000,-40.0000
891.0000,-4.8500,-100.0000,-40.0000
892.0000,-4.8500,-100.0000,-40.0000
893.0000,-4.8500,-100.0000,-40.0000
894.0000,-4.8500,-100.0000,-40.0000
895.0000,-4.8500,-100.0000,-40.0000
896.0000,-4.8500,-100.0000,-40.0000
897.0000,-4.8500,-100.0000,-40.0000
898.0000,-4.8500,-100.0000,-40.0000
899.0000,-4.8500,-100.0000,-40.0000
900.0000,-2.9100,-60.0000,-24.0000
901.0000,-2.9100,-60.0000,-24.0000
902.0000,-2.9100,-60.0000,-24.0000
903.0000,-2.9100,-60.0000,-24.0000
904.0000,-2.9100,-60.0000,-24.0000
905.0000,-2.9100,-60.0000,-24.0000
906.0000,-2.9100,-60.0000,-24.0000
907.0000,-2.9100,-60.0000,-24.0000
908.0000,-2.9100,-60.0000,-24.0000
909.0000,-2.9100,-60.0000,-24.0000
910.0000,-2.9100,-60.0000,-24.0000
911.0000,-2.9100,-60.0000,-24.0000
912.0000,-2.9100,-60.0000,-24.0000
913.0000,-2.9100,-60.0000,-24.0000
914.0000,-2.9100,-60.0000,-24.0000
915.0000,-2.9100,-60.0000,-24.0000
916.0000,-2.9100,-60.0000,-24.0000
917.0000,-2.9100,-60.0000,-24.0000
918.0000,-2.9100,-60.0000,-24.0000
919.0000,-2.9100,-60.0000,-24.0000
920.0000,-2.9100,-60.0000,-24.0000
921.0000,-2.9100,-60.0000,-24.0000
922.0000,-2.9100,-60.0000,-24.0000
923.0000,-2.9100,-60.0000,-24.0000
924.0000,-2.9100,-60.0000,-24.0000
925.0000,-2.9100,-60.0000,-24.0000
926.0000,-2.9100,-60.0000,-24.0000
927.0000,-2.9100,-60.0000,-24.0000
928.0000,-2.9100,-60.0000,-24.0000
929.0000,-2.9100,-60.0000,-24.0000
930.0000,-2.9100,-60.0000,-24.0000
931.0000,-2.9100,-60.0000,-24.0000
932.0000,-2.9100,-60.0000,-24.0000
933.0000,-2.9100,-60.0000,-24.0000
934.0000,-2.9100,-60.0000,-24.0000
935.0000,-2.9100,-60.0000,-24.0000
936.0000,-2.9100,-60.0000,-24.0000
937.0000,-2.9100,-60.0000,-24.0000
938.0000,-2.9100,-60.0000,-24.0000
939.0000,-2.9100,-60.0000,-24.0000
940.0000,-2.9100,-60.0000,-24.0000
941.0000,-2.9100,-60.0000,-24.0000
942.0000,-2.9100,-60.0000,-24.0000
943.0000,-2.9100,-60.0000,-24.0000
944.0000,-2.9100,-60.0000,-24.0000
945.0000,-2.9100,-60.0000,-24.0000
946.0000,-2.9100,-60.0000,-24.0000
947.0000,-2.9100,-60.0000,-24.0000
948.0000,-2.9100,-60.0000,-24.0000
949.0000,-2.9100,-60.0000,-24.0000
950.0000,-2.9100,-60.0000,-24.0000
951.0000,-2.9100,-60.0000,-24.0000
952.0000,-2.9100,-60.0000,-24.0000
953.0000,-2.9100,-60.0000,-24.0000
954.0000,-2.9100,-60.0000,-24.0000
955.0000,-2.9100,-60.0000,-24.0000
956.0000,-2.9100,-60.0000,-24.0000
957.0000,-2.9100,-60.0000,-24.0000
958.0000,-2.9100,-60.0000,-24.0000
959.0000,-2.9100,-60.0000,-24.0000
960.0000,-2.9100,-60.0000,-24.0000
961.0000,-2.9100,-60.0000,-24.0000
962.0000,-2.9100,-60.0000,-24.0000
963.0000,-2.9100,-60.0000,-24.0000
964.0000,-2.9100,-60.0000,-24.0000
965.0000,-2.9100,-60.0000,-24.0000
966.0000,-2.9100,-60.0000,-24.0000
967.0000,-2.9100,-60.0000,-24.0000
968.0000,-2.9100,-60.0000,-24.0000
969.0000,-2.9100,-60.0000,-24.0000
970.0000,-2.9100,-60.0000,-24.0000
971.0000,-2.9100,-60.0000,-24.0000
972.0000,-2.9100,-60.0000,-24.0000
973.0000,-2.9100,-60.0000,-24.0000
974.0000,-2.9100,-60.0000,-24.0000
975.0000,-2.9100,-60.0000,-24.0000
976.0000,-2.9100,-60.0000,-24.0000
977.0000,-2.9100,-60.0000,-24.0000
978.0000,-2.9100,-60.0000,-24.0000
979.0000,-2.9100,-60.0000,-24.0000
980.0000,-2.9100,-60.0000,-24.0000
981.0000,-2.9100,-60.0000,-24.0000
982.0000,-2.9100,-60.0000,-24.0000
983.0000,-2.9100,-60.0000,-24.0000
984.0000,-2.9100,-60.0000,-24.0000
985.0000,-2.9100,-60.0000,-24.0000
986.0000,-2.9100,-60.0000,-24.0000
987.0000,-2.9100,-60.0000,-24.0000
988.0000,-2.9100,-60.0000,-24.0000
989.0000,-2.9100,-60.0000,-24.0000
990.0000,-2.9100,-60.0000,-24.0000
991.0000,-2.9100,-60.0000,-24.0000
992.0000,-2.9100,-60.0000,-24.0000
993.0000,-2.9100,-60.0000,-24.0000
994.0000,-2.9100,-60.0000,-24.0000
995.0000,-2.9100,-60.0000,-24.0000
996.0000,-2.9100,-60.0000,-24.0000
997.0000,-2.9100,-60.0000,-24.0000
998.0000,-2.9100,-60.0000,-24.0000
999.0000,-2.9100,-60.0000,-24.0000
1000.0000,-2.9100,-60.0000,-24.0000
1001.0000,-2.9100,-60.0000,-24.0000
1002.0000,-2.9100,-60.0000,-24.0000
1003.0000,-2.9100,-60.0000,-24.0000
1004.0000,-2.9100,-60.0000,-24.0000
1005.0000,-2.9100,-60.0000,-24.0000
1006.0000,-2.9100,-60.0000,-24.0000
1007.0000,-2.9100,-60.0000,-24.0000
1008.0000,-2.9100,-60.0000,-24.0000
1009.0000,-2.9100,-60.0000,-24.0000
1010.0000,-2.9100,-60.0000,-24.0000
1011.0000,-2.9100,-60.0000,-24.0000
1012.0000,-2.9100,-60.0000,-24.0000
1013.0000,-2.9100,-60.0000,-24.0000
1014.0000,-2.9100,-60.0000,-24.0000
1015.0000,-2.9100,-60.0000,-24.0000
1016.0000,-2.9100,-60.0000,-24.0000
1017.0000,-2.9100,-60.0000,-24.0000
1018.0000,-2.9100,-60.0000,-24.0000
1019.0000,-2.9100,-60.0000,-24.0000
1020.0000,-2.9100,-60.0000,-24.0000
1021.0000,-2.9100,-60.0000,-24.0000
1022.0000,-2.9100,-60.0000,-24.0000
1023.0000,-2.9100,-60.0000,-24.0000
1024.0000,-2.9100,-60.0000,-24.0000
1025.0000,-2.9100,-60.0000,-24.0000
1026.0000,-2.9100,-60.0000,-24.0000
1027.0000,-2.9100,-60.0000,-24.0000
1028.0000,-2.9100,-60.0000,-24.0000
1029.0000,-2.9100,-60.0000,-24.0000
1030.0000,-2.9100,-60.0000,-24.0000
1031.0000,-2.9100,-60.0000,-24.0000
1032.0000,-2.9100,-60.0000,-24.0000
1033.0000,-2.9100,-60.0000,-24.0000
1034.0000,-2.9100,-60.0000,-24.0000
1035.0000,-2.9100,-60.0000,-24.0000
1036.0000,-2.9100,-60.0000,-24.0000
1037.0000,-2.9100,-60.0000,-24.0000
1038.0000,-2.9100,-60.0000,-24.0000
1039.0000,-2.9100,-60.0000,-24.0000
1040.0000,-2.9100,-60.0000,-24.0000
1041.0000,-2.9100,-60.0000,-24.0000
1042.0000,-2.9100,-60.0000,-24.0000
1043.0000,-2.9100,-60.0000,-24.0000
1044.0000,-2.9100,-60.0000,-24.0000
1045.0000,-2.9100,-60.0000,-24.0000
1046.0000,-2.9100,-60.0000,-24.0000
1047.0000,-2.9100,-60.0000,-24.0000
1048.0000,-2.9100,-60.0000,-24.0000
1049.0000,-2.9100,-60.0000,-24.0000
1050.0000,-2.9100,-60.0000,-24.0000
1051.0000,-2.9100,-60.0000,-24.0000
1052.0000,-2.9100,-60.0000,-24.0000
1053.0000,-2.9100,-60.0000,-24.0000
1054.0000,-2.9100,-60.0000,-24.0000
1055.0000,-2.9100,-60.0000,-24.0000
1056.0000,-2.9100,-60.0000,-24.0000
1057.0000,-2.9100,-60.0000,-24.0000
1058.0000,-2.9100,-60.0000,-24.0000
1059.0000,-2.9100,-60.0000,-24.0000
1060.0000,-2.9100,-60.0000,-24.0000
1061.0000,-2.9100,-60.0000,-24.0000
1062.0000,-2.9100,-60.0000,-24.0000
1063.0000,-2.9100,-60.0000,-24.0000
1064.0000,-2.9100,-60.0000,-24.0000
1065.0000,-2.9100,-60.0000,-24.0000
1066.0000,-2.9100,-60.0000,-24.0000
1067.0000,-2.9100,-60.0000,-24.0000
1068.0000,-2.9100,-60.0000,-24.0000
1069.0000,-2.9100,-60.0000,-24.0000
1070.0000,-2.9100,-60.0000,-24.0000
1071.0000,-2.9100,-60.0000,-24.0000
1072.0000,-2.9100,-60.0000,-24.0000
1073.0000,-2.9100,-60.0000,-24.0000
1074.0000,-2.9100,-60.0000,-24.0000
1075.0000,-2.9100,-60.0000,-24.0000
1076.0000,-2.9100,-60.0000,-24.0000
1077.0000,-2.9100,-60.0000,-24.0000
1078.0000,-2.9100,-60.0000,-24.0000
1079.0000,-2.9100,-60.0000,-24.0000
1080.0000,-2.9100,-60.0000,-24.0000
1081.0000,-2.9100,-60.0000,-24.0000
1082.0000,-2.9100,-60.0000,-24.0000
1083.0000,-2.9100,-60.0000,-24.0000
1084.0000,-2.9100,-60.0000,-24.0000
1085.0000,-2.9100,-60.0000,-24.0000
1086.0000,-2.9100,-60.0000,-24.0000
1087.0000,-2.9100,-60.0000,-24.0000
1088.0000,-2.9100,-60.0000,-24.0000
1089.0000,-2.9100,-60.0000,-24.0000
1090.0000,-2.9100,-60.0000,-24.0000
1091.0000,-2.9100,-60.0000,-24.0000
1092.0000,-2.9100,-60.0000,-24.0000
1093.0000,-2.9100,-60.0000,-24.0000
1094.0000,-2.9100,-60.0000,-24.0000
1095.0000,-2.9100,-60.0000,-24.0000
1096.0000,-2.9100,-60.0000,-24.0000
1097.0000,-2.9100,-60.0000,-24.0000
1098.0000,-2.9100,-60.0000,-24.0000
1099.0000,-2.9100,-60.0000,-24.0000
1100.0000,-2.9100,-60.0000,-24.0000
1101.0000,-2.9100,-60.0000,-24.0000
1102.0000,-2.9100,-60.0000,-24.0000
1103.0000,-2.9100,-60.0000,-24.0000
1104.0000,-2.9100,-60.0000,-24.0000
1105.0000,-2.9100,-60.0000,-24.0000
1106.0000,-2.9100,-60.0000,-24.0000
1107.0000,-2.9100,-60.0000,-24.0000
1108.0000,-2.9100,-60.0000,-24.0000
1109.0000,-2.9100,-60.0000,-24.0000
1110.0000,-2.9100,-60.0000,-24.0000
1111.0000,-2.9100,-60.0000,-24.0000
1112.0000,-2.9100,-60.0000,-24.0000
1113.0000,-2.9100,-60.0000,-24.0000
1114.0000,-2.9100,-60.0000,-24.0000
1115.0000,-2.9100,-60.0000,-24.0000
1116.0000,-2.9100,-60.0000,-24.0000
1117.0000,-2.9100,-60.0000,-24.0000
1118.0000,-2.9100,-60.0000,-24.0000
1119.0000,-2.9100,-60.0000,-24.0000
1120.0000,-2.9100,-60.0000,-24.0000
1121.0000,-2.9100,-60.0000,-24.0000
1122.0000,-2.9100,-60.0000,-24.0000
1123.0000,-2.9100,-60.0000,-24.0000
1124.0000,-2.9100,-60.0000,-24.0000
1125.0000,-2.9100,-60.0000,-24.0000
1126.0000,-2.9100,-60.0000,-24.0000
1127.0000,-2.9100,-60.0000,-24.0000
1128.0000,-2.9100,-60.0000,-24.0000
1129.0000,-2.9100,-60.0000,-24.0000
1130.0000,-2.9100,-60.0000,-24.0000
1131.0000,-2.9100,-60.0000,-24.0000
1132.0000,-2.9100,-60.0000,-24.0000
1133.0000,-2.9100,-60.0000,-24.0000
1134.0000,-2.9100,-60.0000,-24.0000
1135.0000,-2.9100,-60.0000,-24.0000
1136.0000,-2.9100,-60.0000,-24.0000
1137.0000,-2.9100,-60.0000,-24.0000
1138.0000,-2.9100,-60.0000,-24.0000
1139.0000,-2.9100,-60.0000,-24.0000
1140.0000,-2.9100,-60.0000,-24.0000
1141.0000,-2.9100,-60.0000,-24.0000
1142.0000,-2.9100,-60.0000,-24.0000
1143.0000,-2.9100,-60.0000,-24.0000
1144.0000,-2.9100,-60.0000,-24.0000
1145.0000,-2.9100,-60.0000,-24.0000
1146.0000,-2.9100,-60.0000,-24.0000
1147.0000,-2.9100,-60.0000,-24.0000
1148.0000,-2.9100,-60.0000,-24.0000
1149.0000,-2.9100,-60.0000,-24.0000
1150.0000,-2.9100,-60.0000,-24.0000
1151.0000,-2.9100,-60.0000,-24.0000
1152.0000,-2.9100,-60.0000,-24.0000
1153.0000,-2.9100,-60.0000,-24.0000
1154.0000,-2.9100,-60.0000,-24.0000
1155.0000,-2.9100,-60.0000,-24.0000
1156.0000,-2.9100,-60.0000,-24.0000
1157.0000,-2.9100,-60.0000,-24.0000
1158.0000,-2.9100,-60.0000,-24.0000
1159.0000,-2.9100,-60.0000,-24.0000
1160.0000,-2.9100,-60.0000,-24.0000
1161.0000,-2.9100,-60.0000,-24.0000
1162.0000,-2.9100,-60.0000,-24.0000
1163.0000,-2.9100,-60.0000,-24.0000
1164.0000,-2.9100,-60.0000,-24.0000
1165.0000,-2.9100,-60.0000,-24.0000
1166.0000,-2.9100,-60.0000,-24.0000
1167.0000,-2.9100,-60.0000,-24.0000
1168.0000,-2.9100,-60.0000,-24.0000
1169.0000,-2.9100,-60.0000,-24.0000
1170.0000,-2.9100,-60.0000,-24.0000
1171.0000,-2.9100,-60.0000,-24.0000
1172.0000,-2.9100,-60.0000,-24.0000
1173.0000,-2.9100,-60.0000,-24.0000
1174.0000,-2.9100,-60.0000,-24.0000
1175.0000,-2.9100,-60.0000,-24.0000
1176.0000,-2.9100,-60.0000,-24.0000
1177.0000,-2.9100,-60.0000,-24.0000
1178.0000,-2.9100,-60.0000,-24.0000
1179.0000,-2.9100,-60.0000,-24.0000
1180.0000,-2.9100,-60.0000,-24.0000
1181.0000,-2.9100,-60.0000,-24.0000
1182.0000,-2.9100,-60.0000,-24.0000
1183.0000,-2.9100,-60.0000,-24.0000
1184.0000,-2.9100,-60.0000,-24.0000
1185.0000,-2.9100,-60.0000,-24.0000
1186.0000,-2.9100,-60.0000,-24.0000
1187.0000,-2.9100,-60.0000,-24.0000
1188.0000,-2.9100,-60.0000,-24.0000
1189.0000,-2.9100,-60.0000,-24.0000
1190.0000,-2.9100,-60.0000,-24.0000
1191.0000,-2.9100,-60.0000,-24.0000
1192.0000,-2.9100,-60.0000,-24.0000
1193.0000,-2.9100,-60.0000,-24.0000
1194.0000,-2.9100,-60.0000,-24.0000
1195.0000,-2.9100,-60.0000,-24.0000
1196.0000,-2.9100,-60.0000,-24.0000
1197.0000,-2.9100,-60.0000,-24.0000
1198.0000,-2.9100,-60.0000,-24.0000
1199.0000,-2.9100,-60.0000,-24.0000
1200.0000,-2.9100,-60.0000,-24.0000
1201.0000,-2.9100,-60.0000,-24.0000
1202.0000,-2.9100,-60.0000,-24.0000
1203.0000,-2.9100,-60.0000,-24.0000
1204.0000,-2.9100,-60.0000,-24.0000
1205.0000,-2.9100,-60.0000,-24.0000
1206.0000,-2.9100,-60.0000,-24.0000
1207.0000,-2.9100,-60.0000,-24.0000
1208.0000,-2.9100,-60.0000,-24.0000
1209.0000,-2.9100,-60.0000,-24.0000
1210.0000,-2.9100,-60.0000,-24.0000
1211.0000,-2.9100,-60.0000,-24.0000
1212.0000,-2.9100,-60.0000,-24.0000
1213.0000,-2.9100,-60.0000,-24.0000
1214.0000,-2.9100,-60.0000,-24.0000
1215.0000,-2.9100,-60.0000,-24.0000
1216.0000,-2.9100,-60.0000,-24.0000
1217.0000,-2.9100,-60.0000,-24.0000
1218.0000,-2.9100,-60.0000,-24.0000
1219.0000,-2.9100,-60.0000,-24.0000
1220.0000,-2.9100,-60.0000,-24.0000
1221.0000,-2.9100,-60.0000,-24.0000
1222.0000,-2.9100,-60.0000,-24.0000
1223.0000,-2.9100,-60.0000,-24.0000
1224.0000,-2.9100,-60.0000,-24.0000
1225.0000,-2.9100,-60.0000,-24.0000
1226.0000,-2.9100,-60.0000,-24.0000
1227.0000,-2.9100,-60.0000,-24.0000
1228.0000,-2.9100,-60.0000,-24.0000
1229.0000,-2.9100,-60.0000,-24.0000
1230.0000,-2.9100,-60.0000,-24.0000
1231.0000,-2.9100,-60.0000,-24.0000
1232.0000,-2.9100,-60.0000,-24.0000
1233.0000,-2.9100,-60.0000,-24.0000
1234.0000,-2.9100,-60.0000,-24.0000
1235.0000,-2.9100,-60.0000,-24.0000
1236.0000,-2.9100,-60.0000,-24.0000
1237.0000,-2.9100,-60.0000,-24.0000
1238.0000,-2.9100,-60.0000,-24.0000
1239.0000,-2.9100,-60.0000,-24.0000
1240.0000,-2.9100,-60.0000,-24.0000
1241.0000,-2.9100,-60.0000,-24.0000
1242.0000,-2.9100,-60.0000,-24.0000
1243.0000,-2.9100,-60.0000,-24.0000
1244.0000,-2.9100,-60.0000,-24.0000
1245.0000,-2.9100,-60.0000,-24.0000
1246.0000,-2.9100,-60.0000,-24.0000
1247.0000,-2.9100,-60.0000,-24.0000
1248.0000,-2.9100,-60.0000,-24.0000
1249.0000,-2.9100,-60.0000,-24.0000
1250.0000,-2.9100,-60.0000,-24.0000
1251.0000,-2.9100,-60.0000,-24.0000
1252.0000,-2.9100,-60.0000,-24.0000
1253.0000,-2.9100,-60.0000,-24.0000
1254.0000,-2.9100,-60.0000,-24.0000
1255.0000,-2.9100,-60.0000,-24.0000
1256.0000,-2.9100,-60.0000,-24.0000
1257.0000,-2.9100,-60.0000,-24.0000
1258.0000,-2.9100,-60.0000,-24.0000
1259.0000,-2.9100,-60.0000,-24.0000
1260.0000,-2.9100,-60.0000,-24.0000
1261.0000,-2.9100,-60.0000,-24.0000
1262.0000,-2.9100,-60.0000,-24.0000
1263.0000,-2.9100,-60.0000,-24.0000
1264.0000,-2.9100,-60.0000,-24.0000
1265.0000,-2.9100,-60.0000,-24.0000
1266.0000,-2.9100,-60.0000,-24.0000
1267.0000,-2.9100,-60.0000,-24.0000
1268.0000,-2.9100,-60.0000,-24.0000
1269.0000,-2.9100,-60.0000,-24.0000
1270.0000,-2.9100,-60.0000,-24.0000
1271.0000,-2.9100,-60.0000,-24.0000
1272.0000,-2.9100,-60.0000,-24.0000
1273.0000,-2.9100,-60.0000,-24.0000
1274.0000,-2.9100,-60.0000,-24.0000
1275.0000,-2.9100,-60.0000,-24.0000
1276.0000,-2.9100,-60.0000,-24.0000
1277.0000,-2.9100,-60.0000,-24.0000
1278.0000,-2.9100,-60.0000,-24.0000
1279.0000,-2.9100,-60.0000,-24.0000
1280.0000,-2.9100,-60.0000,-24.0000
1281.0000,-2.9100,-60.0000,-24.0000
1282.0000,-2.9100,-60.0000,-24.0000
1283.0000,-2.9100,-60.0000,-24.0000
1284.0000,-2.9100,-60.0000,-24.0000
1285.0000,-2.9100,-60.0000,-24.0000
1286.0000,-2.9100,-60.0000,-24.0000
1287.0000,-2.9100,-60.0000,-24.0000
1288.0000,-2.9100,-60.0000,-24.0000
1289.0000,-2.9100,-60.0000,-24.0000
1290.0000,-2.9100,-60.0000,-24.0000
1291.0000,-2.9100,-60.0000,-24.0000
1292.0000,-2.9100,-60.0000,-24.0000
1293.0000,-2.9100,-60.0000,-24.0000
1294.0000,-2.9100,-60.0000,-24.0000
1295.0000,-2.9100,-60.0000,-24.0000
1296.0000,-2.9100,-60.0000,-24.0000
1297.0000,-2.9100,-60.0000,-24.0000
1298.0000,-2.9100,-60.0000,-24.0000
1299.0000,-2.9100,-60.0000,-24.0000
1300.0000,-2.9100,-60.0000,-24.0000
1301.0000,-2.9100,-60.0000,-24.0000
1302.0000,-2.9100,-60.0000,-24.0000
1303.0000,-2.9100,-60.0000,-24.0000
1304.0000,-2.9100,-60.0000,-24.0000
1305.0000,-2.9100,-60.0000,-24.0000
1306.0000,-2.9100,-60.0000,-24.0000
1307.0000,-2.9100,-60.0000,-24.0000
1308.0000,-2.9100,-60.0000,-24.0000
1309.0000,-2.9100,-60.0000,-24.0000
1310.0000,-2.9100,-60.0000,-24.0000
1311.0000,-2.9100,-60.0000,-24.0000
1312.0000,-2.9100,-60.0000,-24.0000
1313.0000,-2.9100,-60.0000,-24.0000
1314.0000,-2.9100,-60.0000,-24.0000
1315.0000,-2.9100,-60.0000,-24.0000
1316.0000,-2.9100,-60.0000,-24.0000
1317.0000,-2.9100,-60.0000,-24.0000
1318.0000,-2.9100,-60.0000,-24.0000
1319.0000,-2.9100,-60.0000,-24.0000
1320.0000,-2.9100,-60.0000,-24.0000
1321.0000,-2.9100,-60.0000,-24.0000
1322.0000,-2.9100,-60.0000,-24.0000
1323.0000,-2.9100,-60.0000,-24.0000
1324.0000,-2.9100,-60.0000,-24.0000
1325.0000,-2.9100,-60.0000,-24.0000
1326.0000,-2.9100,-60.0000,-24.0000
1327.0000,-2.9100,-60.0000,-24.0000
1328.0000,-2.9100,-60.0000,-24.0000
1329.0000,-2.9100,-60.0000,-24.0000
1330.0000,-2.9100,-60.0000,-24.0000
1331.0000,-2.9100,-60.0000,-24.0000
1332.0000,-2.9100,-60.0000,-24.0000
1333.0000,-2.9100,-60.0000,-24.0000
1334.0000,-2.9100,-60.0000,-24.0000
1335.0000,-2.9100,-60.0000,-24.0000
1336.0000,-2.9100,-60.0000,-24.0000
1337.0000,-2.9100,-60.0000,-24.0000
1338.0000,-2.9100,-60.0000,-24.0000
1339.0000,-2.9100,-60.0000,-24.0000
1340.0000,-2.9100,-60.0000,-24.0000
1341.0000,-2.9100,-60.0000,-24.0000
1342.0000,-2.9100,-60.0000,-24.0000
1343.0000,-2.9100,-60.0000,-24.0000
1344.0000,-2.9100,-60.0000,-24.0000
1345.0000,-2.9100,-60.0000,-24.0000
1346.0000,-2.9100,-60.0000,-24.0000
1347.0000,-2.9100,-60.0000,-24.0000
1348.0000,-2.9100,-60.0000,-24.0000
1349.0000,-2.9100,-60.0000,-24.0000
1350.0000,-2.9100,-60.0000,-24.0000
1351.0000,-2.9100,-60.0000,-24.0000
1352.0000,-2.9100,-60.0000,-24.0000
1353.0000,-2.9100,-60.0000,-24.0000
1354.0000,-2.9100,-60.0000,-24.0000
1355.0000,-2.9100,-60.0000,-24.0000
1356.0000,-2.9100,-60.0000,-24.0000
1357.0000,-2.9100,-60.0000,-24.0000
1358.0000,-2.9100,-60.0000,-24.0000
1359.0000,-2.9100,-60.0000,-24.0000
1360.0000,-2.9100,-60.0000,-24.0000
1361.0000,-2.9100,-60.0000,-24.0000
1362.0000,-2.9100,-60.0000,-24.0000
1363.0000,-2.9100,-60.0000,-24.0000
1364.0000,-2.9100,-60.0000,-24.0000
1365.0000,-2.9100,-60.0000,-24.0000
1366.0000,-2.9100,-60.0000,-24.0000
1367.0000,-2.9100,-60.0000,-24.0000
1368.0000,-2.9100,-60.0000,-24.0000
1369.0000,-2.9100,-60.0000,-24.0000
1370.0000,-2.9100,-60.0000,-24.0000
1371.0000,-2.9100,-60.0000,-24.0000
1372.0000,-2.9100,-60.0000,-24.0000
1373.0000,-2.9100,-60.0000,-24.0000
1374.0000,-2.9100,-60.0000,-24.0000
1375.0000,-2.9100,-60.0000,-24.0000
1376.0000,-2.9100,-60.0000,-24.0000
1377.0000,-2.9100,-60.0000,-24.0000
1378.0000,-2.9100,-60.0000,-24.0000
1379.0000,-2.9100,-60.0000,-24.0000
1380.0000,-2.9100,-60.0000,-24.0000
1381.0000,-2.9100,-60.0000,-24.0000
1382.0000,-2.9100,-60.0000,-24.0000
1383.0000,-2.9100,-60.0000,-24.0000
1384.0000,-2.9100,-60.0000,-24.0000
1385.0000,-2.9100,-60.0000,-24.0000
1386.0000,-2.9100,-60.0000,-24.0000
1387.0000,-2.9100,-60.0000,-24.0000
1388.0000,-2.9100,-60.0000,-24.0000
1389.0000,-2.9100,-60.0000,-24.0000
1390.0000,-2.9100,-60.0000,-24.0000
1391.0000,-2.9100,-60.0000,-24.0000
1392.0000,-2.9100,-60.0000,-24.0000
1393.0000,-2.9100,-60.0000,-24.0000
1394.0000,-2.9100,-60.0000,-24.0000
1395.0000,-2.9100,-60.0000,-24.0000
1396.0000,-2.9100,-60.0000,-24.0000
1397.0000,-2.9100,-60.0000,-24.0000
1398.0000,-2.9100,-60.0000,-24.0000
1399.0000,-2.9100,-60.0000,-24.0000
1400.0000,-2.9100,-60.0000,-24.0000
1401.0000,-2.9100,-60.0000,-24.0000
1402.0000,-2.9100,-60.0000,-24.0000
1403.0000,-2.9100,-60.0000,-24.0000
1404.0000,-2.9100,-60.0000,-24.0000
1405.0000,-2.9100,-60.0000,-24.0000
1406.0000,-2.9100,-60.0000,-24.0000
1407.0000,-2.9100,-60.0000,-24.0000
1408.0000,-2.9100,-60.0000,-24.0000
1409.0000,-2.9100,-60.0000,-24.0000
1410.0000,-2.9100,-60.0000,-24.0000
1411.0000,-2.9100,-60.0000,-24.0000
1412.0000,-2.9100,-60.0000,-24.0000
1413.0000,-2.9100,-60.0000,-24.0000
1414.0000,-2.9100,-60.0000,-24.0000
1415.0000,-2.9100,-60.0000,-24.0000
1416.0000,-2.9100,-60.0000,-24.0000
1417.0000,-2.9100,-60.0000,-24.0000
1418.0000,-2.9100,-60.0000,-24.0000
1419.0000,-2.9100,-60.0000,-24.0000
1420.0000,-2.9100,-60.0000,-24.0000
1421.0000,-2.9100,-60.0000,-24.0000
1422.0000,-2.9100,-60.0000,-24.0000
1423.0000,-2.9100,-60.0000,-24.0000
1424.0000,-2.9100,-60.0000,-24.0000
1425.0000,-2.9100,-60.0000,-24.0000
1426.0000,-2.9100,-60.0000,-24.0000
1427.0000,-2.9100,-60.0000,-24.0000
1428.0000,-2.9100,-60.0000,-24.0000
1429.0000,-2.9100,-60.0000,-24.0000
1430.0000,-2.9100,-60.0000,-24.0000
1431.0000,-2.9100,-60.0000,-24.0000
1432.0000,-2.9100,-60.0000,-24.0000
1433.0000,-2.9100,-60.0000,-24.0000
1434.0000,-2.9100,-60.0000,-24.0000
1435.0000,-2.9100,-60.0000,-24.0000
1436.0000,-2.9100,-60.0000,-24.0000
1437.0000,-2.9100,-60.0000,-24.0000
1438.0000,-2.9100,-60.0000,-24.0000
1439.0000,-2.9100,-60.0000,-24.0000
1440.0000,-2.9100,-60.0000,-24.0000
1441.0000,-2.9100,-60.0000,-24.0000
1442.0000,-2.9100,-60.0000,-24.0000
1443.0000,-2.9100,-60.0000,-24.0000
1444.0000,-2.9100,-60.0000,-24.0000
1445.0000,-2.9100,-60.0000,-24.0000
1446.0000,-2.9100,-60.0000,-24.0000
1447.0000,-2.9100,-60.0000,-24.0000
1448.0000,-2.9100,-60.0000,-24.0000
1449.0000,-2.9100,-60.0000,-24.0000
1450.0000,-2.9100,-60.0000,-24.0000
1451.0000,-2.9100,-60.0000,-24.0000
1452.0000,-2.9100,-60.0000,-24.0000
1453.0000,-2.9100,-60.0000,-24.0000
1454.0000,-2.9100,-60.0000,-24.0000
1455.0000,-2.9100,-60.0000,-24.0000
1456.0000,-2.9100,-60.0000,-24.0000
1457.0000,-2.9100,-60.0000,-24.0000
1458.0000,-2.9100,-60.0000,-24.0000
1459.0000,-2.9100,-60.0000,-24.0000
1460.0000,-2.9100,-60.0000,-24.0000
1461.0000,-2.9100,-60.0000,-24.0000
1462.0000,-2.9100,-60.0000,-24.0000
1463.0000,-2.9100,-60.0000,-24.0000
1464.0000,-2.9100,-60.0000,-24.0000
1465.0000,-2.9100,-60.0000,-24.0000
1466.0000,-2.9100,-60.0000,-24.0000
1467.0000,-2.9100,-60.0000,-24.0000
1468.0000,-2.9100,-60.0000,-24.0000
1469.0000,-2.9100,-60.0000,-24.0000
1470.0000,-2.9100,-60.0000,-24.0000
1471.0000,-2.9100,-60.0000,-24.0000
1472.0000,-2.9100,-60.0000,-24.0000
1473.0000,-2.9100,-60.0000,-24.0000
1474.0000,-2.9100,-60.0000,-24.0000
1475.0000,-2.9100,-60.0000,-24.0000
1476.0000,-2.9100,-60.0000,-24.0000
1477.0000,-2.9100,-60.0000,-24.0000
1478.0000,-2.9100,-60.0000,-24.0000
1479.0000,-2.9100,-60.0000,-24.0000
1480.0000,-2.9100,-60.0000,-24.0000
1481.0000,-2.9100,-60.0000,-24.0000
1482.0000,-2.9100,-60.0000,-24.0000
1483.0000,-2.9100,-60.0000,-24.0000
1484.0000,-2.9100,-60.0000,-24.0000
1485.0000,-2.9100,-60.0000,-24.0000
1486.0000,-2.9100,-60.0000,-24.0000
1487.0000,-2.9100,-60.0000,-24.0000
1488.0000,-2.9100,-60.0000,-24.0000
1489.0000,-2.9100,-60.0000,-24.0000
1490.0000,-2.9100,-60.0000,-24.0000
1491.0000,-2.9100,-60.0000,-24.0000
1492.0000,-2.9100,-60.0000,-24.0000
1493.0000,-2.9100,-60.0000,-24.0000
1494.0000,-2.9100,-60.0000,-24.0000
1495.0000,-2.9100,-60.0000,-24.0000
1496.0000,-2.9100,-60.0000,-24.0000
1497.0000,-2.9100,-60.0000,-24.0000
1498.0000,-2.9100,-60.0000,-24.0000
1499.0000,-2.9100,-60.0000,-24.0000
1500.0000,-2.9100,-60.0000,-24.0000
1501.0000,-2.9100,-60.0000,-24.0000
1502.0000,-2.9100,-60.0000,-24.0000
1503.0000,-2.9100,-60.0000,-24.0000
1504.0000,-2.9100,-60.0000,-24.0000
1505.0000,-2.9100,-60.0000,-24.0000
1506.0000,-2.9100,-60.0000,-24.0000
1507.0000,-2.9100,-60.0000,-24.0000
1508.0000,-2.9100,-60.0000,-24.0000
1509.0000,-2.9100,-60.0000,-24.0000
1510.0000,-2.9100,-60.0000,-24.0000
1511.0000,-2.9100,-60.0000,-24.0000
1512.0000,-2.9100,-60.0000,-24.0000
1513.0000,-2.9100,-60.0000,-24.0000
1514.0000,-2.9100,-60.0000,-24.0000
1515.0000,-2.9100,-60.0000,-24.0000
1516.0000,-2.9100,-60.0000,-24.0000
1517.0000,-2.9100,-60.0000,-24.0000
1518.0000,-2.9100,-60.0000,-24.0000
1519.0000,-2.9100,-60.0000,-24.0000
1520.0000,-2.9100,-60.0000,-24.0000
1521.0000,-2.9100,-60.0000,-24.0000
1522.0000,-2.9100,-60.0000,-24.0000
1523.0000,-2.9100,-60.0000,-24.0000
1524.0000,-2.9100,-60.0000,-24.0000
1525.0000,-2.9100,-60.0000,-24.0000
1526.0000,-2.9100,-60.0000,-24.0000
1527.0000,-2.9100,-60.0000,-24.0000
1528.0000,-2.9100,-60.0000,-24.0000
1529.0000,-2.9100,-60.0000,-24.0000
1530.0000,-2.9100,-60.0000,-24.0000
1531.0000,-2.9100,-60.0000,-24.0000
1532.0000,-2.9100,-60.0000,-24.0000
1533.0000,-2.9100,-60.0000,-24.0000
1534.0000,-2.9100,-60.0000,-24.0000
1535.0000,-2.9100,-60.0000,-24.0000
1536.0000,-2.9100,-60.0000,-24.0000
1537.0000,-2.9100,-60.0000,-24.0000
1538.0000,-2.9100,-60.0000,-24.0000
1539.0000,-2.9100,-60.0000,-24.0000
1540.0000,-2.9100,-60.0000,-24.0000
1541.0000,-2.9100,-60.0000,-24.0000
1542.0000,-2.9100,-60.0000,-24.0000
1543.0000,-2.9100,-60.0000,-24.0000
1544.0000,-2.9100,-60.0000,-24.0000
1545.0000,-2.9100,-60.0000,-24.0000
1546.0000,-2.9100,-60.0000,-24.0000
1547.0000,-2.9100,-60.0000,-24.0000
1548.0000,-2.9100,-60.0000,-24.0000
1549.0000,-2.9100,-60.0000,-24.0000
1550.0000,-2.9100,-60.0000,-24.0000
1551.0000,-2.9100,-60.0000,-24.0000
1552.0000,-2.9100,-60.0000,-24.0000
1553.0000,-2.9100,-60.0000,-24.0000
1554.0000,-2.9100,-60.0000,-24.0000
1555.0000,-2.9100,-60.0000,-24.0000
1556.0000,-2.9100,-60.0000,-24.0000
1557.0000,-2.9100,-60.0000,-24.0000
1558.0000,-2.9100,-60.0000,-24.0000
1559.0000,-2.9100,-60.0000,-24.0000
1560.0000,-2.9100,-60.0000,-24.0000
1561.0000,-2.9100,-60.0000,-24.0000
1562.0000,-2.9100,-60.0000,-24.0000
1563.0000,-2.9100,-60.0000,-24.0000
1564.0000,-2.9100,-60.0000,-24.0000
1565.0000,-2.9100,-60.0000,-24.0000
1566.0000,-2.9100,-60.0000,-24.0000
1567.0000,-2.9100,-60.0000,-24.0000
1568.0000,-2.9100,-60.0000,-24.0000
1569.0000,-2.9100,-60.0000,-24.0000
1570.0000,-2.9100,-60.0000,-24.0000
1571.0000,-2.9100,-60.0000,-24.0000
1572.0000,-2.9100,-60.0000,-24.0000
1573.0000,-2.9100,-60.0000,-24.0000
1574.0000,-2.9100,-60.0000,-24.0000
1575.0000,-2.9100,-60.0000,-24.0000
1576.0000,-2.9100,-60.0000,-24.0000
1577.0000,-2.9100,-60.0000,-24.0000
1578.0000,-2.9100,-60.0000,-24.0000
1579.0000,-2.9100,-60.0000,-24.0000
1580.0000,-2.9100,-60.0000,-24.0000
1581.0000,-2.9100,-60.0000,-24.0000
1582.0000,-2.9100,-60.0000,-24.0000
1583.0000,-2.9100,-60.0000,-24.0000
1584.0000,-2.9100,-60.0000,-24.0000
1585.0000,-2.9100,-60.0000,-24.0000
1586.0000,-2.9100,-60.0000,-24.0000
1587.0000,-2.9100,-60.0000,-24.0000
1588.0000,-2.9100,-60.0000,-24.0000
1589.0000,-2.9100,-60.0000,-24.0000
1590.0000,-2.9100,-60.0000,-24.0000
1591.0000,-2.9100,-60.0000,-24.0000
1592.0000,-2.9100,-60.0000,-24.0000
1593.0000,-2.9100,-60.0000,-24.0000
1594.0000,-2.9100,-60.0000,-24.0000
1595.0000,-2.9100,-60.0000,-24.0000
1596.0000,-2.9100,-60.0000,-24.0000
1597.0000,-2.9100,-60.0000,-24.0000
1598.0000,-2.9100,-60.0000,-24.0000
1599.0000,-2.9100,-60.0000,-24.0000
1600.0000,-2.9100,-60.0000,-24.0000
1601.0000,-2.9100,-60.0000,-24.0000
1602.0000,-2.9100,-60.0000,-24.0000
1603.0000,-2.9100,-60.0000,-24.0000
1604.0000,-2.9100,-60.0000,-24.0000
1605.0000,-2.9100,-60.0000,-24.0000
1606.0000,-2.9100,-60.0000,-24.0000
1607.0000,-2.9100,-60.0000,-24.0000
1608.0000,-2.9100,-60.0000,-24.0000
1609.0000,-2.9100,-60.0000,-24.0000
1610.0000,-2.9100,-60.0000,-24.0000
1611.0000,-2.9100,-60.0000,-24.0000
1612.0000,-2.9100,-60.0000,-24.0000
1613.0000,-2.9100,-60.0000,-24.0000
1614.0000,-2.9100,-60.0000,-24.0000
1615.0000,-2.9100,-60.0000,-24.0000
1616.0000,-2.9100,-60.0000,-24.0000
1617.0000,-2.9100,-60.0000,-24.0000
1618.0000,-2.9100,-60.0000,-24.0000
1619.0000,-2.9100,-60.0000,-24.0000
1620.0000,-2.9100,-60.0000,-24.0000
1621.0000,-2.9100,-60.0000,-24.0000
1622.0000,-2.9100,-60.0000,-24.0000
1623.0000,-2.9100,-60.0000,-24.0000
1624.0000,-2.9100,-60.0000,-24.0000
1625.0000,-2.9100,-60.0000,-24.0000
1626.0000,-2.9100,-60.0000,-24.0000
1627.0000,-2.9100,-60.0000,-24.0000
1628.0000,-2.9100,-60.0000,-24.0000
1629.0000,-2.9100,-60.0000,-24.0000
1630.0000,-2.9100,-60.0000,-24.0000
1631.0000,-2.9100,-60.0000,-24.0000
1632.0000,-2.9100,-60.0000,-24.0000
1633.0000,-2.9100,-60.0000,-24.0000
1634.0000,-2.9100,-60.0000,-24.0000
1635.0000,-2.9100,-60.0000,-24.0000
1636.0000,-2.9100,-60.0000,-24.0000
1637.0000,-2.9100,-60.0000,-24.0000
1638.0000,-2.9100,-60.0000,-24.0000
1639.0000,-2.9100,-60.0000,-24.0000
1640.0000,-2.9100,-60.0000,-24.0000
1641.0000,-2.9100,-60.0000,-24.0000
1642.0000,-2.9100,-60.0000,-24.0000
1643.0000,-2.9100,-60.0000,-24.0000
1644.0000,-2.9100,-60.0000,-24.0000
1645.0000,-2.9100,-60.0000,-24.0000
1646.0000,-2.9100,-60.0000,-24.0000
1647.0000,-2.9100,-60.0000,-24.0000
1648.0000,-2.9100,-60.0000,-24.0000
1649.0000,-2.9100,-60.0000,-24.0000
1650.0000,-2.9100,-60.0000,-24.0000
1651.0000,-2.9100,-60.0000,-24.0000
1652.0000,-2.9100,-60.0000,-24.0000
1653.0000,-2.9100,-60.0000,-24.0000
1654.0000,-2.9100,-60.0000,-24.0000
1655.0000,-2.9100,-60.0000,-24.0000
1656.0000,-2.9100,-60.0000,-24.0000
1657.0000,-2.9100,-60.0000,-24.0000
1658.0000,-2.9100,-60.0000,-24.0000
1659.0000,-2.9100,-60.0000,-24.0000
1660.0000,-2.9100,-60.0000,-24.0000
1661.0000,-2.9100,-60.0000,-24.0000
1662.0000,-2.9100,-60.0000,-24.0000
1663.0000,-2.9100,-60.0000,-24.0000
1664.0000,-2.9100,-60.0000,-24.0000
1665.0000,-2.9100,-60.0000,-24.0000
1666.0000,-2.9100,-60.0000,-24.0000
1667.0000,-2.9100,-60.0000,-24.0000
1668.0000,-2.9100,-60.0000,-24.0000
1669.0000,-2.9100,-60.0000,-24.0000
1670.0000,-2.9100,-60.0000,-24.0000
1671.0000,-2.9100,-60.0000,-24.0000
1672.0000,-2.9100,-60.0000,-24.0000
1673.0000,-2.9100,-60.0000,-24.0000
1674.0000,-2.9100,-60.0000,-24.0000
1675.0000,-2.9100,-60.0000,-24.0000
1676.0000,-2.9100,-60.0000,-24.0000
1677.0000,-2.9100,-60.0000,-24.0000
1678.0000,-2.9100,-60.0000,-24.0000
1679.0000,-2.9100,-60.0000,-24.0000
1680.0000,-2.9100,-60.0000,-24.0000
1681.0000,-2.9100,-60.0000,-24.0000
1682.0000,-2.9100,-60.0000,-24.0000
1683.0000,-2.9100,-60.0000,-24.0000
1684.0000,-2.9100,-60.0000,-24.0000
1685.0000,-2.9100,-60.0000,-24.0000
1686.0000,-2.9100,-60.0000,-24.0000
1687.0000,-2.9100,-60.0000,-24.0000
1688.0000,-2.9100,-60.0000,-24.0000
1689.0000,-2.9100,-60.0000,-24.0000
1690.0000,-2.9100,-60.0000,-24.0000
1691.0000,-2.9100,-60.0000,-24.0000
1692.0000,-2.9100,-60.0000,-24.0000
1693.0000,-2.9100,-60.0000,-24.0000
1694.0000,-2.9100,-60.0000,-24.0000
1695.0000,-2.9100,-60.0000,-24.0000
1696.0000,-2.9100,-60.0000,-24.0000
1697.0000,-2.9100,-60.0000,-24.0000
1698.0000,-2.9100,-60.0000,-24.0000
1699.0000,-2.9100,-60.0000,-24.0000
1700.0000,-2.9100,-60.0000,-24.0000
1701.0000,-2.9100,-60.0000,-24.0000
1702.0000,-2.9100,-60.0000,-24.0000
1703.0000,-2.9100,-60.0000,-24.0000
1704.0000,-2.9100,-60.0000,-24.0000
1705.0000,-2.9100,-60.0000,-24.0000
1706.0000,-2.9100,-60.0000,-24.0000
1707.0000,-2.9100,-60.0000,-24.0000
1708.0000,-2.9100,-60.0000,-24.0000
1709.0000,-2.9100,-60.0000,-24.0000
1710.0000,-2.9100,-60.0000,-24.0000
1711.0000,-2.9100,-60.0000,-24.0000
1712.0000,-2.9100,-60.0000,-24.0000
1713.0000,-2.9100,-60.0000,-24.0000
1714.0000,-2.9100,-60.0000,-24.0000
1715.0000,-2.9100,-60.0000,-24.0000
1716.0000,-2.9100,-60.0000,-24.0000
1717.0000,-2.9100,-60.0000,-24.0000
1718.0000,-2.9100,-60.0000,-24.0000
1719.0000,-2.9100,-60.0000,-24.0000
1720.0000,-2.9100,-60.0000,-24.0000
1721.0000,-2.9100,-60.0000,-24.0000
1722.0000,-2.9100,-60.0000,-24.0000
1723.0000,-2.9100,-60.0000,-24.0000
1724.0000,-2.9100,-60.0000,-24.0000
1725.0000,-2.9100,-60.0000,-24.0000
1726.0000,-2.9100,-60.0000,-24.0000
1727.0000,-2.9100,-60.0000,-24.0000
1728.0000,-2.9100,-60.0000,-24.0000
1729.0000,-2.9100,-60.0000,-24.0000
1730.0000,-2.9100,-60.0000,-24.0000
1731.0000,-2.9100,-60.0000,-24.0000
1732.0000,-2.9100,-60.0000,-24.0000
1733.0000,-2.9100,-60.0000,-24.0000
1734.0000,-2.9100,-60.0000,-24.0000
1735.0000,-2.9100,-60.0000,-24.0000
1736.0000,-2.9100,-60.0000,-24.0000
1737.0000,-2.9100,-60.0000,-24.0000
1738.0000,-2.9100,-60.0000,-24.0000
1739.0000,-2.9100,-60.0000,-24.0000
1740.0000,-2.9100,-60.0000,-24.0000
1741.0000,-2.9100,-60.0000,-24.0000
1742.0000,-2.9100,-60.0000,-24.0000
1743.0000,-2.9100,-60.0000,-24.0000
1744.0000,-2.9100,-60.0000,-24.0000
1745.0000,-2.9100,-60.0000,-24.0000
1746.0000,-2.9100,-60.0000,-24.0000
1747.0000,-2.9100,-60.0000,-24.0000
1748.0000,-2.9100,-60.0000,-24.0000
1749.0000,-2.9100,-60.0000,-24.0000
1750.0000,-2.9100,-60.0000,-24.0000
1751.0000,-2.9100,-60.0000,-24.0000
1752.0000,-2.9100,-60.0000,-24.0000
1753.0000,-2.9100,-60.0000,-24.0000
1754.0000,-2.9100,-60.0000,-24.0000
1755.0000,-2.9100,-60.0000,-24.0000
1756.0000,-2.9100,-60.0000,-24.0000
1757.0000,-2.9100,-60.0000,-24.0000
1758.0000,-2.9100,-60.0000,-24.0000
1759.0000,-2.9100,-60.0000,-24.0000
1760.0000,-2.9100,-60.0000,-24.0000
1761.0000,-2.9100,-60.0000,-24.0000
1762.0000,-2.9100,-60.0000,-24.0000
1763.0000,-2.9100,-60.0000,-24.0000
1764.0000,-2.9100,-60.0000,-24.0000
1765.0000,-2.9100,-60.0000,-24.0000
1766.0000,-2.9100,-60.0000,-24.0000
1767.0000,-2.9100,-60.0000,-24.0000
1768.0000,-2.9100,-60.0000,-24.0000
1769.0000,-2.9100,-60.0000,-24.0000
1770.0000,-2.9100,-60.0000,-24.0000
1771.0000,-2.9100,-60.0000,-24.0000
1772.0000,-2.9100,-60.0000,-24.0000
1773.0000,-2.9100,-60.0000,-24.0000
1774.0000,-2.9100,-60.0000,-24.0000
1775.0000,-2.9100,-60.0000,-24.0000
1776.0000,-2.9100,-60.0000,-24.0000
1777.0000,-2.9100,-60.0000,-24.0000
1778.0000,-2.9100,-60.0000,-24.0000
1779.0000,-2.9100,-60.0000,-24.0000
1780.0000,-2.9100,-60.0000,-24.0000
1781.0000,-2.9100,-60.0000,-24.0000
1782.0000,-2.9100,-60.0000,-24.0000
1783.0000,-2.9100,-60.0000,-24.0000
1784.0000,-2.9100,-60.0000,-24.0000
1785.0000,-2.9100,-60.0000,-24.0000
1786.0000,-2.9100,-60.0000,-24.0000
1787.0000,-2.9100,-60.0000,-24.0000
1788.0000,-2.9100,-60.0000,-24.0000
1789.0000,-2.9100,-60.0000,-24.0000
1790.0000,-2.9100,-60.0000,-24.0000
1791.0000,-2.9100,-60.0000,-24.0000
1792.0000,-2.9100,-60.0000,-24.0000
1793.0000,-2.9100,-60.0000,-24.0000
1794.0000,-2.9100,-60.0000,-24.0000
1795.0000,-2.9100,-60.0000,-24.0000
1796.0000,-2.9100,-60.0000,-24.0000
1797.0000,-2.9100,-60.0000,-24.0000
1798.0000,-2.9100,-60.0000,-24.0000
1799.0000,-2.9100,-60.0000,-24.0000
1800.0000,-2.9100,-60.0000,-24.0000
1801.0000,-2.9100,-60.0000,-24.0000
1802.0000,-2.9100,-60.0000,-24.0000
1803.0000,-2.9100,-60.0000,-24.0000
1804.0000,-2.9100,-60.0000,-24.0000
1805.0000,-2.9100,-60.0000,-24.0000
1806.0000,-2.9100,-60.0000,-24.0000
1807.0000,-2.9100,-60.0000,-24.0000
1808.0000,-2.9100,-60.0000,-24.0000
1809.0000,-2.9100,-60.0000,-24.0000
1810.0000,-2.9100,-60.0000,-24.0000
1811.0000,-2.9100,-60.0000,-24.0000
1812.0000,-2.9100,-60.0000,-24.0000
1813.0000,-2.9100,-60.0000,-24.0000
1814.0000,-2.9100,-60.0000,-24.0000
1815.0000,-2.9100,-60.0000,-24.0000
1816.0000,-2.9100,-60.0000,-24.0000
1817.0000,-2.9100,-60.0000,-24.0000
1818.0000,-2.9100,-60.0000,-24.0000
1819.0000,-2.9100,-60.0000,-24.0000
1820.0000,-2.9100,-60.0000,-24.0000
1821.0000,-2.9100,-60.0000,-24.0000
1822.0000,-2.9100,-60.0000,-24.0000
1823.0000,-2.9100,-60.0000,-24.0000
1824.0000,-2.9100,-60.0000,-24.0000
1825.0000,-2.9100,-60.0000,-24.0000
1826.0000,-2.9100,-60.0000,-24.0000
1827.0000,-2.9100,-60.0000,-24.0000
1828.0000,-2.9100,-60.0000,-24.0000
1829.0000,-2.9100,-60.0000,-24.0000
1830.0000,-2.9100,-60.0000,-24.0000
1831.0000,-2.9100,-60.0000,-24.0000
1832.0000,-2.9100,-60.0000,-24.0000
1833.0000,-2.9100,-60.0000,-24.0000
1834.0000,-2.9100,-60.0000,-24.0000
1835.0000,-2.9100,-60.0000,-24.0000
1836.0000,-2.9100,-60.0000,-24.0000
1837.0000,-2.9100,-60.0000,-24.0000
1838.0000,-2.9100,-60.0000,-24.0000
1839.0000,-2.9100,-60.0000,-24.0000
1840.0000,-2.9100,-60.0000,-24.0000
1841.0000,-2.9100,-60.0000,-24.0000
1842.0000,-2.9100,-60.0000,-24.0000
1843.0000,-2.9100,-60.0000,-24.0000
1844.0000,-2.9100,-60.0000,-24.0000
1845.0000,-2.9100,-60.0000,-24.0000
1846.0000,-2.9100,-60.0000,-24.0000
1847.0000,-2.9100,-60.0000,-24.0000
1848.0000,-2.9100,-60.0000,-24.0000
1849.0000,-2.9100,-60.0000,-24.0000
1850.0000,-2.9100,-60.0000,-24.0000
1851.0000,-2.9100,-60.0000,-24.0000
1852.0000,-2.9100,-60.0000,-24.0000
1853.0000,-2.9100,-60.0000,-24.0000
1854.0000,-2.9100,-60.0000,-24.0000
1855.0000,-2.9100,-60.0000,-24.0000
1856.0000,-2.9100,-60.0000,-24.0000
1857.0000,-2.9100,-60.0000,-24.0000
1858.0000,-2.9100,-60.0000,-24.0000
1859.0000,-2.9100,-60.0000,-24.0000
1860.0000,-2.9100,-60.0000,-24.0000
1861.0000,-2.9100,-60.0000,-24.0000
1862.0000,-2.9100,-60.0000,-24.0000
1863.0000,-2.9100,-60.0000,-24.0000
1864.0000,-2.9100,-60.0000,-24.0000
1865.0000,-2.9100,-60.0000,-24.0000
1866.0000,-2.9100,-60.0000,-24.0000
1867.0000,-2.9100,-60.0000,-24.0000
1868.0000,-2.9100,-60.0000,-24.0000
1869.0000,-2.9100,-60.0000,-24.0000
1870.0000,-2.9100,-60.0000,-24.0000
1871.0000,-2.9100,-60.0000,-24.0000
1872.0000,-2.9100,-60.0000,-24.0000
1873.0000,-2.9100,-60.0000,-24.0000
1874.0000,-2.9100,-60.0000,-24.0000
1875.0000,-2.9100,-60.0000,-24.0000
1876.0000,-2.9100,-60.0000,-24.0000
1877.0000,-2.9100,-60.0000,-24.0000
1878.0000,-2.9100,-60.0000,-24.0000
1879.0000,-2.9100,-60.0000,-24.0000
1880.0000,-2.9100,-60.0000,-24.0000
1881.0000,-2.9100,-60.0000,-24.0000
1882.0000,-2.9100,-60.0000,-24.0000
1883.0000,-2.9100,-60.0000,-24.0000
1884.0000,-2.9100,-60.0000,-24.0000
1885.0000,-2.9100,-60.0000,-24.0000
1886.0000,-2.9100,-60.0000,-24.0000
1887.0000,-2.9100,-60.0000,-24.0000
1888.0000,-2.9100,-60.0000,-24.0000
1889.0000,-2.9100,-60.0000,-24.0000
1890.0000,-2.9100,-60.0000,-24.0000
1891.0000,-2.9100,-60.0000,-24.0000
1892.0000,-2.9100,-60.0000,-24.0000
1893.0000,-2.9100,-60.0000,-24.0000
1894.0000,-2.9100,-60.0000,-24.0000
1895.0000,-2.9100,-60.0000,-24.0000
1896.0000,-2.9100,-60.0000,-24.0000
1897.0000,-2.9100,-60.0000,-24.0000
1898.0000,-2.9100,-60.0000,-24.0000
1899.0000,-2.9100,-60.0000,-24.0000
1900.0000,-2.9100,-60.0000,-24.0000
1901.0000,-2.9100,-60.0000,-24.0000
1902.0000,-2.9100,-60.0000,-24.0000
1903.0000,-2.9100,-60.0000,-24.0000
1904.0000,-2.9100,-60.0000,-24.0000
1905.0000,-2.9100,-60.0000,-24.0000
1906.0000,-2.9100,-60.0000,-24.0000
1907.0000,-2.9100,-60.0000,-24.0000
1908.0000,-2.9100,-60.0000,-24.0000
1909.0000,-2.9100,-60.0000,-24.0000
1910.0000,-2.9100,-60.0000,-24.0000
1911.0000,-2.9100,-60.0000,-24.0000
1912.0000,-2.9100,-60.0000,-24.0000
1913.0000,-2.9100,-60.0000,-24.0000
1914.0000,-2.9100,-60.0000,-24.0000
1915.0000,-2.9100,-60.0000,-24.0000
1916.0000,-2.9100,-60.0000,-24.0000
1917.0000,-2.9100,-60.0000,-24.0000
1918.0000,-2.9100,-60.0000,-24.0000
1919.0000,-2.9100,-60.0000,-24.0000
1920.0000,-2.9100,-60.0000,-24.0000
1921.0000,-2.9100,-60.0000,-24.0000
1922.0000,-2.9100,-60.0000,-24.0000
1923.0000,-2.9100,-60.0000,-24.0000
1924.0000,-2.9100,-60.0000,-24.0000
1925.0000,-2.9100,-60.0000,-24.0000
1926.0000,-2.9100,-60.0000,-24.0000
1927.0000,-2.9100,-60.0000,-24.0000
1928.0000,-2.9100,-60.0000,-24.0000
1929.0000,-2.9100,-60.0000,-24.0000
1930.0000,-2.9100,-60.0000,-24.0000
1931.0000,-2.9100,-60.0000,-24.0000
1932.0000,-2.9100,-60.0000,-24.0000
1933.0000,-2.9100,-60.0000,-24.0000
1934.0000,-2.9100,-60.0000,-24.0000
1935.0000,-2.9100,-60.0000,-24.0000
1936.0000,-2.9100,-60.0000,-24.0000
1937.0000,-2.9100,-60.0000,-24.0000
1938.0000,-2.9100,-60.0000,-24.0000
1939.0000,-2.9100,-60.0000,-24.0000
1940.0000,-2.9100,-60.0000,-24.0000
1941.0000,-2.9100,-60.0000,-24.0000
1942.0000,-2.9100,-60.0000,-24.0000
1943.0000,-2.9100,-60.0000,-24.0000
1944.0000,-2.9100,-60.0000,-24.0000
1945.0000,-2.9100,-60.0000,-24.0000
1946.0000,-2.9100,-60.0000,-24.0000
1947.0000,-2.9100,-60.0000,-24.0000
1948.0000,-2.9100,-60.0000,-24.0000
1949.0000,-2.9100,-60.0000,-24.0000
1950.0000,-2.9100,-60.0000,-24.0000
1951.0000,-2.9100,-60.0000,-24.0000
1952.0000,-2.9100,-60.0000,-24.0000
1953.0000,-2.9100,-60.0000,-24.0000
1954.0000,-2.9100,-60.0000,-24.0000
1955.0000,-2.9100,-60.0000,-24.0000
1956.0000,-2.9100,-60.0000,-24.0000
1957.0000,-2.9100,-60.0000,-24.0000
1958.0000,-2.9100,-60.0000,-24.0000
1959.0000,-2.9100,-60.0000,-24.0000
1960.0000,-2.9100,-60.0000,-24.0000
1961.0000,-2.9100,-60.0000,-24.0000
1962.0000,-2.9100,-60.0000,-24.0000
1963.0000,-2.9100,-60.0000,-24.0000
1964.0000,-2.9100,-60.0000,-24.0000
1965.0000,-2.9100,-60.0000,-24.0000
1966.0000,-2.9100,-60.0000,-24.0000
1967.0000,-2.9100,-60.0000,-24.0000
1968.0000,-2.9100,-60.0000,-24.0000
1969.0000,-2.9100,-60.0000,-24.0000
1970.0000,-2.9100,-60.0000,-24.0000
1971.0000,-2.9100,-60.0000,-24.0000
1972.0000,-2.9100,-60.0000,-24.0000
1973.0000,-2.9100,-60.0000,-24.0000
1974.0000,-2.9100,-60.0000,-24.0000
1975.0000,-2.9100,-60.0000,-24.0000
1976.0000,-2.9100,-60.0000,-24.0000
1977.0000,-2.9100,-60.0000,-24.0000
1978.0000,-2.9100,-60.0000,-24.0000
1979.0000,-2.9100,-60.0000,-24.0000
1980.0000,-2.9100,-60.0000,-24.0000
1981.0000,-2.9100,-60.0000,-24.0000
1982.0000,-2.9100,-60.0000,-24.0000
1983.0000,-2.9100,-60.0000,-24.0000
1984.0000,-2.9100,-60.0000,-24.0000
1985.0000,-2.9100,-60.0000,-24.0000
1986.0000,-2.9100,-60.0000,-24.0000
1987.0000,-2.9100,-60.0000,-24.0000
1988.0000,-2.9100,-60.0000,-24.0000
1989.0000,-2.9100,-60.0000,-24.0000
1990.0000,-2.9100,-60.0000,-24.0000
1991.0000,-2.9100,-60.0000,-24.0000
1992.0000,-2.9100,-60.0000,-24.0000
1993.0000,-2.9100,-60.0000,-24.0000
1994.0000,-2.9100,-60.0000,-24.0000
1995.0000,-2.9100,-60.0000,-24.0000
1996.0000,-2.9100,-60.0000,-24.0000
1997.0000,-2.9100,-60.0000,-24.0000
1998.0000,-2.9100,-60.0000,-24.0000
1999.0000,-2.9100,-60.0000,-24.0000
2000.0000,-2.9100,-60.0000,-24.0000
2001.0000,-2.9017,-59.8288,-23.9315
2002.0000,-2.8934,-59.6581,-23.8632
2003.0000,-2.8852,-59.4879,-23.7952
2004.0000,-2.8769,-59.3182,-23.7273
2005.0000,-2.8687,-59.1490,-23.6596
2006.0000,-2.8605,-58.9802,-23.5921
2007.0000,-2.8524,-58.8119,-23.5248
2008.0000,-2.8442,-58.6441,-23.4577
2009.0000,-2.8361,-58.4768,-23.3907
2010.0000,-2.8280,-58.3100,-23.3240
2011.0000,-2.8200,-58.1436,-23.2574
2012.0000,-2.8119,-57.9777,-23.1911
2013.0000,-2.8039,-57.8123,-23.1249
2014.0000,-2.7959,-57.6474,-23.0589
2015.0000,-2.7879,-57.4829,-22.9932
2016.0000,-2.7800,-57.3189,-22.9276
2017.0000,-2.7720,-57.1554,-22.8621
2018.0000,-2.7641,-56.9923,-22.7969
2019.0000,-2.7562,-56.8297,-22.7319
2020.0000,-2.7484,-56.6675,-22.6670
2021.0000,-2.7405,-56.5059,-22.6023
2022.0000,-2.7327,-56.3447,-22.5379
2023.0000,-2.7249,-56.1839,-22.4736
2024.0000,-2.7171,-56.0236,-22.4094
2025.0000,-2.7094,-55.8638,-22.3455
2026.0000,-2.7017,-55.7044,-22.2818
2027.0000,-2.6940,-55.5455,-22.2182
2028.0000,-2.6863,-55.3870,-22.1548
2029.0000,-2.6786,-55.2290,-22.0916
2030.0000,-2.6710,-55.0714,-22.0286
2031.0000,-2.6633,-54.9143,-21.9657
2032.0000,-2.6557,-54.7576,-21.9030
2033.0000,-2.6482,-54.6014,-21.8405
2034.0000,-2.6406,-54.4456,-21.7782
2035.0000,-2.6331,-54.2902,-21.7161
2036.0000,-2.6256,-54.1354,-21.6541
2037.0000,-2.6181,-53.9809,-21.5924
2038.0000,-2.6106,-53.8269,-21.5308
2039.0000,-2.6032,-53.6733,-21.4693
2040.0000,-2.5957,-53.5202,-21.4081
2041.0000,-2.5883,-53.3675,-21.3470
2042.0000,-2.5809,-53.2152,-21.2861
2043.0000,-2.5736,-53.0634,-21.2254
2044.0000,-2.5662,-52.9120,-21.1648
2045.0000,-2.5589,-52.7610,-21.1044
2046.0000,-2.5516,-52.6105,-21.0442
2047.0000,-2.5443,-52.4604,-20.9842
2048.0000,-2.5371,-52.3107,-20.9243
2049.0000,-2.5298,-52.1615,-20.8646
2050.0000,-2.5226,-52.0127,-20.8051
2051.0000,-2.5154,-51.8643,-20.7457
2052.0000,-2.5082,-51.7163,-20.6865
2053.0000,-2.5011,-51.5688,-20.6275
2054.0000,-2.4939,-51.4216,-20.5687
2055.0000,-2.4868,-51.2749,-20.5100
2056.0000,-2.4797,-51.1286,-20.4515
2057.0000,-2.4727,-50.9828,-20.3931
2058.0000,-2.4656,-50.8373,-20.3349
2059.0000,-2.4586,-50.6923,-20.2769
2060.0000,-2.4516,-50.5476,-20.2191
2061.0000,-2.4446,-50.4034,-20.1614
2062.0000,-2.4376,-50.2596,-20.1038
2063.0000,-2.4306,-50.1162,-20.0465
2064.0000,-2.4237,-49.9732,-19.9893
2065.0000,-2.4168,-49.8307,-19.9323
2066.0000,-2.4099,-49.6885,-19.8754
2067.0000,-2.4030,-49.5467,-19.8187
2068.0000,-2.3962,-49.4054,-19.7621
2069.0000,-2.3893,-49.2644,-19.7058
2070.0000,-2.3825,-49.1238,-19.6495
2071.0000,-2.3757,-48.9837,-19.5935
2072.0000,-2.3689,-48.8439,-19.5376
2073.0000,-2.3622,-48.7046,-19.4818
2074.0000,-2.3554,-48.5656,-19.4263
2075.0000,-2.3487,-48.4271,-19.3708
2076.0000,-2.3420,-48.2889,-19.3156
2077.0000,-2.3353,-48.1511,-19.2605
2078.0000,-2.3287,-48.0137,-19.2055
2079.0000,-2.3220,-47.8768,-19.1507
2080.0000,-2.3154,-47.7402,-19.0961
2081.0000,-2.3088,-47.6040,-19.0416
2082.0000,-2.3022,-47.4681,-18.9873
2083.0000,-2.2956,-47.3327,-18.9331
2084.0000,-2.2891,-47.1977,-18.8791
2085.0000,-2.2826,-47.0630,-18.8252
2086.0000,-2.2760,-46.9287,-18.7715
2087.0000,-2.2696,-46.7948,-18.7179
2088.0000,-2.2631,-46.6613,-18.6645
2089.0000,-2.2566,-46.5282,-18.6113
2090.0000,-2.2502,-46.3955,-18.5582
2091.0000,-2.2438,-46.2631,-18.5052
2092.0000,-2.2374,-46.1311,-18.4524
2093.0000,-2.2310,-45.9995,-18.3998
2094.0000,-2.2246,-45.8682,-18.3473
2095.0000,-2.2183,-45.7374,-18.2950
2096.0000,-2.2119,-45.6069,-18.2428
2097.0000,-2.2056,-45.4768,-18.1907
2098.0000,-2.1993,-45.3470,-18.1388
2099.0000,-2.1931,-45.2176,-18.0871
2100.0000,-2.1868,-45.0886,-18.0355
2101.0000,-2.1806,-44.9600,-17.9840
2102.0000,-2.1743,-44.8317,-17.9327
2103.0000,-2.1681,-44.7038,-17.8815
2104.0000,-2.1619,-44.5763,-17.8305
2105.0000,-2.1558,-44.4491,-17.7796
2106.0000,-2.1496,-44.3223,-17.7289
2107.0000,-2.1435,-44.1958,-17.6783
2108.0000,-2.1374,-44.0697,-17.6279
2109.0000,-2.1313,-43.9440,-17.5776
2110.0000,-2.1252,-43.8186,-17.5274
2111.0000,-2.1191,-43.6936,-17.4774
2112.0000,-2.1131,-43.5689,-17.4276
2113.0000,-2.1071,-43.4446,-17.3779
2114.0000,-2.1011,-43.3207,-17.3283
2115.0000,-2.0951,-43.1971,-17.2788
2116.0000,-2.0891,-43.0738,-17.2295
2117.0000,-2.0831,-42.9510,-17.1804
2118.0000,-2.0772,-42.8284,-17.1314
2119.0000,-2.0713,-42.7062,-17.0825
2120.0000,-2.0653,-42.5844,-17.0338
2121.0000,-2.0594,-42.4629,-16.9852
2122.0000,-2.0536,-42.3417,-16.9367
2123.0000,-2.0477,-42.2209,-16.8884
2124.0000,-2.0419,-42.1005,-16.8402
2125.0000,-2.0360,-41.9804,-16.7921
2126.0000,-2.0302,-41.8606,-16.7442
2127.0000,-2.0244,-41.7411,-16.6965
2128.0000,-2.0187,-41.6221,-16.6488
2129.0000,-2.0129,-41.5033,-16.6013
2130.0000,-2.0072,-41.3849,-16.5540
2131.0000,-2.0014,-41.2668,-16.5067
2132.0000,-1.9957,-41.1491,-16.4596
2133.0000,-1.9900,-41.0317,-16.4127
2134.0000,-1.9844,-40.9146,-16.3658
2135.0000,-1.9787,-40.7979,-16.3192
2136.0000,-1.9731,-40.6815,-16.2726
2137.0000,-1.9674,-40.5654,-16.2262
2138.0000,-1.9618,-40.4497,-16.1799
2139.0000,-1.9562,-40.3343,-16.1337
2140.0000,-1.9506,-40.2192,-16.0877
2141.0000,-1.9451,-40.1045,-16.0418
2142.0000,-1.9395,-39.9900,-15.9960
2143.0000,-1.9340,-39.8759,-15.9504
2144.0000,-1.9285,-39.7622,-15.9049
2145.0000,-1.9230,-39.6487,-15.8595
2146.0000,-1.9175,-39.5356,-15.8142
2147.0000,-1.9120,-39.4228,-15.7691
2148.0000,-1.9066,-39.3103,-15.7241
2149.0000,-1.9011,-39.1982,-15.6793
2150.0000,-1.8957,-39.0863,-15.6345
2151.0000,-1.8903,-38.9748,-15.5899
2152.0000,-1.8849,-38.8636,-15.5455
2153.0000,-1.8795,-38.7527,-15.5011
2154.0000,-1.8741,-38.6422,-15.4569
2155.0000,-1.8688,-38.5319,-15.4128
2156.0000,-1.8635,-38.4220,-15.3688
2157.0000,-1.8582,-38.3124,-15.3250
2158.0000,-1.8528,-38.2031,-15.2812
2159.0000,-1.8476,-38.0941,-15.2376
2160.0000,-1.8423,-37.9854,-15.1942
2161.0000,-1.8370,-37.8770,-15.1508
2162.0000,-1.8318,-37.7690,-15.1076
2163.0000,-1.8266,-37.6612,-15.0645
2164.0000,-1.8214,-37.5537,-15.0215
2165.0000,-1.8162,-37.4466,-14.9786
2166.0000,-1.8110,-37.3398,-14.9359
2167.0000,-1.8058,-37.2332,-14.8933
2168.0000,-1.8007,-37.1270,-14.8508
2169.0000,-1.7955,-37.0211,-14.8084
2170.0000,-1.7904,-36.9155,-14.7662
2171.0000,-1.7853,-36.8101,-14.7241
2172.0000,-1.7802,-36.7051,-14.6820
2173.0000,-1.7751,-36.6004,-14.6402
2174.0000,-1.7701,-36.4960,-14.5984
2175.0000,-1.7650,-36.3918,-14.5567
2176.0000,-1.7600,-36.2880,-14.5152
2177.0000,-1.7549,-36.1845,-14.4738
2178.0000,-1.7499,-36.0812,-14.4325
2179.0000,-1.7449,-35.9783,-14.3913
2180.0000,-1.7400,-35.8757,-14.3503
2181.0000,-1.7350,-35.7733,-14.3093
2182.0000,-1.7301,-35.6712,-14.2685
2183.0000,-1.7251,-35.5695,-14.2278
2184.0000,-1.7202,-35.4680,-14.1872
2185.0000,-1.7153,-35.3668,-14.1467
2186.0000,-1.7104,-35.2659,-14.1064
2187.0000,-1.7055,-35.1653,-14.0661
2188.0000,-1.7006,-35.0649,-14.0260
2189.0000,-1.6958,-34.9649,-13.9860
2190.0000,-1.6910,-34.8651,-13.9461
2191.0000,-1.6861,-34.7657,-13.9063
2192.0000,-1.6813,-34.6665,-13.8666
2193.0000,-1.6765,-34.5676,-13.8270
2194.0000,-1.6717,-34.4689,-13.7876
2195.0000,-1.6670,-34.3706,-13.7482
2196.0000,-1.6622,-34.2725,-13.7090
2197.0000,-1.6575,-34.1748,-13.6699
2198.0000,-1.6527,-34.0773,-13.6309
2199.0000,-1.6480,-33.9800,-13.5920
2200.0000,-1.6433,-33.8831,-13.5532
2201.0000,-1.6386,-33.7864,-13.5146
2202.0000,-1.6340,-33.6900,-13.4760
2203.0000,-1.6293,-33.5939,-13.4376
2204.0000,-1.6247,-33.4981,-13.3992
2205.0000,-1.6200,-33.4025,-13.3610
2206.0000,-1.6154,-33.3072,-13.3229
2207.0000,-1.6108,-33.2122,-13.2849
2208.0000,-1.6062,-33.1174,-13.2470
2209.0000,-1.6016,-33.0229,-13.2092
2210.0000,-1.5970,-32.9287,-13.1715
2211.0000,-1.5925,-32.8348,-13.1339
2212.0000,-1.5879,-32.7411,-13.0964
2213.0000,-1.5834,-32.6477,-13.0591
2214.0000,-1.5789,-32.5545,-13.0218
2215.0000,-1.5744,-32.4616,-12.9847
2216.0000,-1.5699,-32.3690,-12.9476
2217.0000,-1.5654,-32.2767,-12.9107
2218.0000,-1.5610,-32.1846,-12.8738
2219.0000,-1.5565,-32.0928,-12.8371
2220.0000,-1.5521,-32.0012,-12.8005
2221.0000,-1.5476,-31.9099,-12.7640
2222.0000,-1.5432,-31.8188,-12.7275
2223.0000,-1.5388,-31.7281,-12.6912
2224.0000,-1.5344,-31.6375,-12.6550
2225.0000,-1.5300,-31.5473,-12.6189
2226.0000,-1.5257,-31.4573,-12.5829
2227.0000,-1.5213,-31.3675,-12.5470
2228.0000,-1.5170,-31.2780,-12.5112
2229.0000,-1.5127,-31.1888,-12.4755
2230.0000,-1.5083,-31.0998,-12.4399
2231.0000,-1.5040,-31.0111,-12.4044
2232.0000,-1.4997,-30.9226,-12.3690
2233.0000,-1.4955,-30.8344,-12.3338
2234.0000,-1.4912,-30.7464,-12.2986
2235.0000,-1.4869,-30.6587,-12.2635
2236.0000,-1.4827,-30.5712,-12.2285
2237.0000,-1.4785,-30.4840,-12.1936
2238.0000,-1.4743,-30.3970,-12.1588
2239.0000,-1.4700,-30.3103,-12.1241
2240.0000,-1.4659,-30.2238,-12.0895
2241.0000,-1.4617,-30.1376,-12.0550
2242.0000,-1.4575,-30.0516,-12.0206
2243.0000,-1.4533,-29.9659,-11.9863
2244.0000,-1.4492,-29.8804,-11.9521
2245.0000,-1.4451,-29.7951,-11.9180
2246.0000,-1.4409,-29.7101,-11.8840
2247.0000,-1.4368,-29.6253,-11.8501
2248.0000,-1.4327,-29.5408,-11.8163
2249.0000,-1.4286,-29.4565,-11.7826
2250.0000,-1.4246,-29.3725,-11.7490
2251.0000,-1.4205,-29.2887,-11.7155
2252.0000,-1.4164,-29.2051,-11.6821
2253.0000,-1.4124,-29.1218,-11.6487
2254.0000,-1.4084,-29.0387,-11.6155
2255.0000,-1.4044,-28.9559,-11.5824
2256.0000,-1.4004,-28.8733,-11.5493
2257.0000,-1.3964,-28.7909,-11.5164
2258.0000,-1.3924,-28.7087,-11.4835
2259.0000,-1.3884,-28.6268,-11.4507
2260.0000,-1.3844,-28.5452,-11.4181
2261.0000,-1.3805,-28.4637,-11.3855
2262.0000,-1.3766,-28.3825,-11.3530
2263.0000,-1.3726,-28.3015,-11.3206
2264.0000,-1.3687,-28.2208,-11.2883
2265.0000,-1.3648,-28.1403,-11.2561
2266.0000,-1.3609,-28.0600,-11.2240
2267.0000,-1.3570,-27.9799,-11.1920
2268.0000,-1.3532,-27.9001,-11.1600
2269.0000,-1.3493,-27.8205,-11.1282
2270.0000,-1.3454,-27.7411,-11.0965
2271.0000,-1.3416,-27.6620,-11.0648
2272.0000,-1.3378,-27.5831,-11.0332
2273.0000,-1.3340,-27.5044,-11.0017
2274.0000,-1.3302,-27.4259,-10.9704
2275.0000,-1.3264,-27.3476,-10.9391
2276.0000,-1.3226,-27.2696,-10.9078
2277.0000,-1.3188,-27.1918,-10.8767
2278.0000,-1.3150,-27.1142,-10.8457
2279.0000,-1.3113,-27.0369,-10.8148
2280.0000,-1.3075,-26.9597,-10.7839
2281.0000,-1.3038,-26.8828,-10.7531
2282.0000,-1.3001,-26.8061,-10.7224
2283.0000,-1.2964,-26.7296,-10.6919
2284.0000,-1.2927,-26.6534,-10.6614
2285.0000,-1.2890,-26.5773,-10.6309
2286.0000,-1.2853,-26.5015,-10.6006
2287.0000,-1.2817,-26.4259,-10.5704
2288.0000,-1.2780,-26.3505,-10.5402
2289.0000,-1.2744,-26.2753,-10.5101
2290.0000,-1.2707,-26.2004,-10.4801
2291.0000,-1.2671,-26.1256,-10.4502
2292.0000,-1.2635,-26.0511,-10.4204
2293.0000,-1.2599,-25.9767,-10.3907
2294.0000,-1.2563,-25.9026,-10.3611
2295.0000,-1.2527,-25.8287,-10.3315
2296.0000,-1.2491,-25.7550,-10.3020
2297.0000,-1.2456,-25.6816,-10.2726
2298.0000,-1.2420,-25.6083,-10.2433
2299.0000,-1.2385,-25.5352,-10.2141
2300.0000,-1.2349,-25.4624,-10.1849
2301.0000,-1.2314,-25.3897,-10.1559
2302.0000,-1.2279,-25.3173,-10.1269
2303.0000,-1.2244,-25.2451,-10.0980
2304.0000,-1.2209,-25.1730,-10.0692
2305.0000,-1.2174,-25.1012,-10.0405
2306.0000,-1.2139,-25.0296,-10.0118
2307.0000,-1.2105,-24.9582,-9.9833
2308.0000,-1.2070,-24.8870,-9.9548
2309.0000,-1.2036,-24.8160,-9.9264
2310.0000,-1.2001,-24.7452,-9.8981
2311.0000,-1.1967,-24.6746,-9.8698
2312.0000,-1.1933,-24.6042,-9.8417
2313.0000,-1.1899,-24.5340,-9.8136
2314.0000,-1.1865,-24.4640,-9.7856
2315.0000,-1.1831,-24.3942,-9.7577
2316.0000,-1.1797,-24.3246,-9.7298
2317.0000,-1.1764,-24.2552,-9.7021
2318.0000,-1.1730,-24.1860,-9.6744
2319.0000,-1.1697,-24.1170,-9.6468
2320.0000,-1.1663,-24.0482,-9.6193
2321.0000,-1.1630,-23.9796,-9.5918
2322.0000,-1.1597,-23.9111,-9.5645
2323.0000,-1.1564,-23.8429,-9.5372
2324.0000,-1.1531,-23.7749,-9.5100
2325.0000,-1.1498,-23.7071,-9.4828
2326.0000,-1.1465,-23.6394,-9.4558
2327.0000,-1.1432,-23.5720,-9.4288
2328.0000,-1.1400,-23.5047,-9.4019
2329.0000,-1.1367,-23.4377,-9.3751
2330.0000,-1.1335,-23.3708,-9.3483
2331.0000,-1.1302,-23.3041,-9.3216
2332.0000,-1.1270,-23.2376,-9.2951
2333.0000,-1.1238,-23.1713,-9.2685
2334.0000,-1.1206,-23.1052,-9.2421
2335.0000,-1.1174,-23.0393,-9.2157
2336.0000,-1.1142,-22.9736,-9.1894
2337.0000,-1.1110,-22.9080,-9.1632
2338.0000,-1.1079,-22.8427,-9.1371
2339.0000,-1.1047,-22.7775,-9.1110
2340.0000,-1.1016,-22.7125,-9.0850
2341.0000,-1.0984,-22.6477,-9.0591
2342.0000,-1.0953,-22.5831,-9.0332
2343.0000,-1.0922,-22.5187,-9.0075
2344.0000,-1.0890,-22.4544,-8.9818
2345.0000,-1.0859,-22.3904,-8.9561
2346.0000,-1.0828,-22.3265,-8.9306
2347.0000,-1.0797,-22.2628,-8.9051
2348.0000,-1.0767,-22.1993,-8.8797
2349.0000,-1.0736,-22.1359,-8.8544
2350.0000,-1.0705,-22.0728,-8.8291
2351.0000,-1.0675,-22.0098,-8.8039
2352.0000,-1.0644,-21.9470,-8.7788
2353.0000,-1.0614,-21.8844,-8.7538
2354.0000,-1.0584,-21.8219,-8.7288
2355.0000,-1.0553,-21.7597,-8.7039
2356.0000,-1.0523,-21.6976,-8.6790
2357.0000,-1.0493,-21.6357,-8.6543
2358.0000,-1.0463,-21.5740,-8.6296
2359.0000,-1.0434,-21.5124,-8.6050
2360.0000,-1.0404,-21.4510,-8.5804
2361.0000,-1.0374,-21.3898,-8.5559
2362.0000,-1.0344,-21.3288,-8.5315
2363.0000,-1.0315,-21.2680,-8.5072
2364.0000,-1.0286,-21.2073,-8.4829
2365.0000,-1.0256,-21.1468,-8.4587
2366.0000,-1.0227,-21.0864,-8.4346
2367.0000,-1.0198,-21.0263,-8.4105
2368.0000,-1.0169,-20.9663,-8.3865
2369.0000,-1.0140,-20.9065,-8.3626
2370.0000,-1.0111,-20.8468,-8.3387
2371.0000,-1.0082,-20.7873,-8.3149
2372.0000,-1.0053,-20.7280,-8.2912
2373.0000,-1.0024,-20.6689,-8.2676
2374.0000,-0.9996,-20.6099,-8.2440
2375.0000,-0.9967,-20.5511,-8.2205
2376.0000,-0.9939,-20.4925,-8.1970
2377.0000,-0.9911,-20.4340,-8.1736
2378.0000,-0.9882,-20.3757,-8.1503
2379.0000,-0.9854,-20.3176,-8.1270
2380.0000,-0.9826,-20.2596,-8.1039
2381.0000,-0.9798,-20.2018,-8.0807
2382.0000,-0.9770,-20.1442,-8.0577
2383.0000,-0.9742,-20.0867,-8.0347
2384.0000,-0.9714,-20.0294,-8.0118
2385.0000,-0.9687,-19.9723,-7.9889
2386.0000,-0.9659,-19.9153,-7.9661
2387.0000,-0.9631,-19.8585,-7.9434
2388.0000,-0.9604,-19.8018,-7.9207
2389.0000,-0.9576,-19.7453,-7.8981
2390.0000,-0.9549,-19.6890,-7.8756
2391.0000,-0.9522,-19.6328,-7.8531
2392.0000,-0.9495,-19.5768,-7.8307
2393.0000,-0.9468,-19.5209,-7.8084
2394.0000,-0.9441,-19.4652,-7.7861
2395.0000,-0.9414,-19.4097,-7.7639
2396.0000,-0.9387,-19.3543,-7.7417
2397.0000,-0.9360,-19.2991,-7.7196
2398.0000,-0.9333,-19.2440,-7.6976
2399.0000,-0.9307,-19.1891,-7.6757
2400.0000,-0.9280,-19.1344,-7.6538
2401.0000,-0.9254,-19.0798,-7.6319
2402.0000,-0.9227,-19.0254,-7.6101
2403.0000,-0.9201,-18.9711,-7.5884
2404.0000,-0.9175,-18.9170,-7.5668
2405.0000,-0.9149,-18.8630,-7.5452
2406.0000,-0.9122,-18.8092,-7.5237
2407.0000,-0.9096,-18.7555,-7.5022
2408.0000,-0.9070,-18.7020,-7.4808
2409.0000,-0.9045,-18.6486,-7.4595
2410.0000,-0.9019,-18.5954,-7.4382
2411.0000,-0.8993,-18.5424,-7.4170
2412.0000,-0.8967,-18.4895,-7.3958
2413.0000,-0.8942,-18.4367,-7.3747
2414.0000,-0.8916,-18.3841,-7.3536
2415.0000,-0.8891,-18.3317,-7.3327
2416.0000,-0.8865,-18.2794,-7.3117
2417.0000,-0.8840,-18.2272,-7.2909
2418.0000,-0.8815,-18.1752,-7.2701
2419.0000,-0.8790,-18.1234,-7.2493
2420.0000,-0.8765,-18.0717,-7.2287
2421.0000,-0.8740,-18.0201,-7.2080
2422.0000,-0.8715,-17.9687,-7.1875
2423.0000,-0.8690,-17.9174,-7.1670
2424.0000,-0.8665,-17.8663,-7.1465
2425.0000,-0.8640,-17.8153,-7.1261
2426.0000,-0.8616,-17.7645,-7.1058
2427.0000,-0.8591,-17.7138,-7.0855
2428.0000,-0.8567,-17.6633,-7.0653
2429.0000,-0.8542,-17.6129,-7.0452
2430.0000,-0.8518,-17.5626,-7.0251
2431.0000,-0.8494,-17.5125,-7.0050
2432.0000,-0.8469,-17.4626,-6.9850
2433.0000,-0.8445,-17.4127,-6.9651
2434.0000,-0.8421,-17.3631,-6.9452
2435.0000,-0.8397,-17.3135,-6.9254
2436.0000,-0.8373,-17.2641,-6.9056
2437.0000,-0.8349,-17.2149,-6.8859
2438.0000,-0.8325,-17.1657,-6.8663
2439.0000,-0.8302,-17.1168,-6.8467
2440.0000,-0.8278,-17.0679,-6.8272
2441.0000,-0.8254,-17.0192,-6.8077
2442.0000,-0.8231,-16.9707,-6.7883
2443.0000,-0.8207,-16.9223,-6.7689
2444.0000,-0.8184,-16.8740,-6.7496
2445.0000,-0.8161,-16.8258,-6.7303
2446.0000,-0.8137,-16.7778,-6.7111
2447.0000,-0.8114,-16.7300,-6.6920
2448.0000,-0.8091,-16.6822,-6.6729
2449.0000,-0.8068,-16.6346,-6.6539
2450.0000,-0.8045,-16.5872,-6.6349
2451.0000,-0.8022,-16.5399,-6.6159
2452.0000,-0.7999,-16.4927,-6.5971
2453.0000,-0.7976,-16.4456,-6.5782
2454.0000,-0.7953,-16.3987,-6.5595
2455.0000,-0.7931,-16.3519,-6.5408
2456.0000,-0.7908,-16.3053,-6.5221
2457.0000,-0.7885,-16.2587,-6.5035
2458.0000,-0.7863,-16.2123,-6.4849
2459.0000,-0.7841,-16.1661,-6.4664
2460.0000,-0.7818,-16.1200,-6.4480
2461.0000,-0.7796,-16.0740,-6.4296
2462.0000,-0.7774,-16.0281,-6.4112
2463.0000,-0.7751,-15.9824,-6.3930
2464.0000,-0.7729,-15.9368,-6.3747
2465.0000,-0.7707,-15.8913,-6.3565
2466.0000,-0.7685,-15.8460,-6.3384
2467.0000,-0.7663,-15.8008,-6.3203
2468.0000,-0.7642,-15.7557,-6.3023
2469.0000,-0.7620,-15.7107,-6.2843
2470.0000,-0.7598,-15.6659,-6.2664
2471.0000,-0.7576,-15.6212,-6.2485
2472.0000,-0.7555,-15.5767,-6.2307
2473.0000,-0.7533,-15.5322,-6.2129
2474.0000,-0.7512,-15.4879,-6.1952
2475.0000,-0.7490,-15.4437,-6.1775
2476.0000,-0.7469,-15.3996,-6.1599
2477.0000,-0.7448,-15.3557,-6.1423
2478.0000,-0.7426,-15.3119,-6.1248
2479.0000,-0.7405,-15.2682,-6.1073
2480.0000,-0.7384,-15.2247,-6.0899
2481.0000,-0.7363,-15.1812,-6.0725
2482.0000,-0.7342,-15.1379,-6.0552
2483.0000,-0.7321,-15.0947,-6.0379
2484.0000,-0.7300,-15.0516,-6.0207
2485.0000,-0.7279,-15.0087,-6.0035
2486.0000,-0.7258,-14.9659,-5.9864
2487.0000,-0.7238,-14.9232,-5.9693
2488.0000,-0.7217,-14.8806,-5.9522
2489.0000,-0.7197,-14.8382,-5.9353
2490.0000,-0.7176,-14.7958,-5.9183
2491.0000,-0.7155,-14.7536,-5.9014
2492.0000,-0.7135,-14.7115,-5.8846
2493.0000,-0.7115,-14.6695,-5.8678
2494.0000,-0.7094,-14.6277,-5.8511
2495.0000,-0.7074,-14.5860,-5.8344
2496.0000,-0.7054,-14.5443,-5.8177
2497.0000,-0.7034,-14.5028,-5.8011
2498.0000,-0.7014,-14.4615,-5.7846
2499.0000,-0.6994,-14.4202,-5.7681
2500.0000,-0.6974,-14.3791,-5.7516
2501.0000,-0.6954,-14.3380,-5.7352
2502.0000,-0.6934,-14.2971,-5.7189
2503.0000,-0.6914,-14.2563,-5.7025
2504.0000,-0.6895,-14.2157,-5.6863
2505.0000,-0.6875,-14.1751,-5.6700
2506.0000,-0.6855,-14.1347,-5.6539
2507.0000,-0.6836,-14.0943,-5.6377
2508.0000,-0.6816,-14.0541,-5.6217
2509.0000,-0.6797,-14.0140,-5.6056
2510.0000,-0.6777,-13.9740,-5.5896
2511.0000,-0.6758,-13.9342,-5.5737
2512.0000,-0.6739,-13.8944,-5.5578
2513.0000,-0.6720,-13.8548,-5.5419
2514.0000,-0.6700,-13.8153,-5.5261
2515.0000,-0.6681,-13.7758,-5.5103
2516.0000,-0.6662,-13.7365,-5.4946
2517.0000,-0.6643,-13.6973,-5.4789
2518.0000,-0.6624,-13.6583,-5.4633
2519.0000,-0.6605,-13.6193,-5.4477
2520.0000,-0.6587,-13.5804,-5.4322
2521.0000,-0.6568,-13.5417,-5.4167
2522.0000,-0.6549,-13.5031,-5.4012
2523.0000,-0.6530,-13.4645,-5.3858
2524.0000,-0.6512,-13.4261,-5.3704
2525.0000,-0.6493,-13.3878,-5.3551
2526.0000,-0.6475,-13.3496,-5.3398
2527.0000,-0.6456,-13.3115,-5.3246
2528.0000,-0.6438,-13.2735,-5.3094
2529.0000,-0.6419,-13.2357,-5.2943
2530.0000,-0.6401,-13.1979,-5.2792
2531.0000,-0.6383,-13.1603,-5.2641
2532.0000,-0.6365,-13.1227,-5.2491
2533.0000,-0.6346,-13.0853,-5.2341
2534.0000,-0.6328,-13.0479,-5.2192
2535.0000,-0.6310,-13.0107,-5.2043
2536.0000,-0.6292,-12.9736,-5.1894
2537.0000,-0.6274,-12.9366,-5.1746
2538.0000,-0.6256,-12.8997,-5.1599
2539.0000,-0.6238,-12.8629,-5.1451
2540.0000,-0.6221,-12.8262,-5.1305
2541.0000,-0.6203,-12.7896,-5.1158
2542.0000,-0.6185,-12.7531,-5.1012
2543.0000,-0.6168,-12.7167,-5.0867
2544.0000,-0.6150,-12.6804,-5.0722
2545.0000,-0.6132,-12.6442,-5.0577
2546.0000,-0.6115,-12.6082,-5.0433
2547.0000,-0.6098,-12.5722,-5.0289
2548.0000,-0.6080,-12.5363,-5.0145
2549.0000,-0.6063,-12.5006,-5.0002
2550.0000,-0.6045,-12.4649,-4.9860
2551.0000,-0.6028,-12.4293,-4.9717
2552.0000,-0.6011,-12.3939,-4.9575
2553.0000,-0.5994,-12.3585,-4.9434
2554.0000,-0.5977,-12.3232,-4.9293
2555.0000,-0.5960,-12.2881,-4.9152
2556.0000,-0.5943,-12.2530,-4.9012
2557.0000,-0.5926,-12.2181,-4.8872
2558.0000,-0.5909,-12.1832,-4.8733
2559.0000,-0.5892,-12.1485,-4.8594
2560.0000,-0.5875,-12.1138,-4.8455
2561.0000,-0.5858,-12.0792,-4.8317
2562.0000,-0.5842,-12.0448,-4.8179
2563.0000,-0.5825,-12.0104,-4.8042
2564.0000,-0.5808,-11.9761,-4.7905
2565.0000,-0.5792,-11.9420,-4.7768
2566.0000,-0.5775,-11.9079,-4.7632
2567.0000,-0.5759,-11.8739,-4.7496
2568.0000,-0.5742,-11.8400,-4.7360
2569.0000,-0.5726,-11.8063,-4.7225
2570.0000,-0.5710,-11.7726,-4.7090
2571.0000,-0.5693,-11.7390,-4.6956
2572.0000,-0.5677,-11.7055,-4.6822
2573.0000,-0.5661,-11.6721,-4.6688
2574.0000,-0.5645,-11.6388,-4.6555
2575.0000,-0.5629,-11.6056,-4.6422
2576.0000,-0.5613,-11.5725,-4.6290
2577.0000,-0.5597,-11.5395,-4.6158
2578.0000,-0.5581,-11.5065,-4.6026
2579.0000,-0.5565,-11.4737,-4.5895
2580.0000,-0.5549,-11.4410,-4.5764
2581.0000,-0.5533,-11.4083,-4.5633
2582.0000,-0.5517,-11.3758,-4.5503
2583.0000,-0.5502,-11.3433,-4.5373
2584.0000,-0.5486,-11.3110,-4.5244
2585.0000,-0.5470,-11.2787,-4.5115
2586.0000,-0.5455,-11.2465,-4.4986
2587.0000,-0.5439,-11.2144,-4.4858
2588.0000,-0.5423,-11.1824,-4.4730
2589.0000,-0.5408,-11.1505,-4.4602
2590.0000,-0.5393,-11.1187,-4.4475
2591.0000,-0.5377,-11.0870,-4.4348
2592.0000,-0.5362,-11.0554,-4.4221
2593.0000,-0.5347,-11.0238,-4.4095
2594.0000,-0.5331,-10.9924,-4.3969
2595.0000,-0.5316,-10.9610,-4.3844
2596.0000,-0.5301,-10.9297,-4.3719
2597.0000,-0.5286,-10.8986,-4.3594
2598.0000,-0.5271,-10.8675,-4.3470
2599.0000,-0.5256,-10.8365,-4.3346
2600.0000,-0.5241,-10.8055,-4.3222
2601.0000,-0.5226,-10.7747,-4.3099
2602.0000,-0.5211,-10.7440,-4.2976
2603.0000,-0.5196,-10.7133,-4.2853
2604.0000,-0.5181,-10.6827,-4.2731
2605.0000,-0.5166,-10.6523,-4.2609
2606.0000,-0.5152,-10.6219,-4.2488
2607.0000,-0.5137,-10.5916,-4.2366
2608.0000,-0.5122,-10.5614,-4.2245
2609.0000,-0.5108,-10.5312,-4.2125
2610.0000,-0.5093,-10.5012,-4.2005
2611.0000,-0.5079,-10.4712,-4.1885
2612.0000,-0.5064,-10.4413,-4.1765
2613.0000,-0.5050,-10.4116,-4.1646
2614.0000,-0.5035,-10.3818,-4.1527
2615.0000,-0.5021,-10.3522,-4.1409
2616.0000,-0.5007,-10.3227,-4.1291
2617.0000,-0.4992,-10.2932,-4.1173
2618.0000,-0.4978,-10.2639,-4.1055
2619.0000,-0.4964,-10.2346,-4.0938
2620.0000,-0.4950,-10.2054,-4.0822
2621.0000,-0.4935,-10.1763,-4.0705
2622.0000,-0.4921,-10.1472,-4.0589
2623.0000,-0.4907,-10.1183,-4.0473
2624.0000,-0.4893,-10.0894,-4.0358
2625.0000,-0.4879,-10.0606,-4.0243
2626.0000,-0.4865,-10.0319,-4.0128
2627.0000,-0.4852,-10.0033,-4.0013
2628.0000,-0.4838,-9.9748,-3.9899
2629.0000,-0.4824,-9.9463,-3.9785
2630.0000,-0.4810,-9.9179,-3.9672
2631.0000,-0.4796,-9.8896,-3.9559
2632.0000,-0.4783,-9.8614,-3.9446
2633.0000,-0.4769,-9.8333,-3.9333
2634.0000,-0.4756,-9.8052,-3.9221
2635.0000,-0.4742,-9.7773,-3.9109
2636.0000,-0.4728,-9.7494,-3.8997
2637.0000,-0.4715,-9.7215,-3.8886
2638.0000,-0.4701,-9.6938,-3.8775
2639.0000,-0.4688,-9.6662,-3.8665
2640.0000,-0.4675,-9.6386,-3.8554
2641.0000,-0.4661,-9.6111,-3.8444
2642.0000,-0.4648,-9.5837,-3.8335
2643.0000,-0.4635,-9.5563,-3.8225
2644.0000,-0.4622,-9.5290,-3.8116
2645.0000,-0.4608,-9.5019,-3.8007
2646.0000,-0.4595,-9.4747,-3.7899
2647.0000,-0.4582,-9.4477,-3.7791
2648.0000,-0.4569,-9.4208,-3.7683
2649.0000,-0.4556,-9.3939,-3.7576
2650.0000,-0.4543,-9.3671,-3.7468
2651.0000,-0.4530,-9.3404,-3.7361
2652.0000,-0.4517,-9.3137,-3.7255
2653.0000,-0.4504,-9.2871,-3.7149
2654.0000,-0.4491,-9.2606,-3.7043
2655.0000,-0.4479,-9.2342,-3.6937
2656.0000,-0.4466,-9.2079,-3.6831
2657.0000,-0.4453,-9.1816,-3.6726
2658.0000,-0.4440,-9.1554,-3.6622
2659.0000,-0.4428,-9.1293,-3.6517
2660.0000,-0.4415,-9.1032,-3.6413
2661.0000,-0.4402,-9.0773,-3.6309
2662.0000,-0.4390,-9.0514,-3.6205
2663.0000,-0.4377,-9.0255,-3.6102
2664.0000,-0.4365,-8.9998,-3.5999
2665.0000,-0.4352,-8.9741,-3.5896
2666.0000,-0.4340,-8.9485,-3.5794
2667.0000,-0.4328,-8.9230,-3.5692
2668.0000,-0.4315,-8.8975,-3.5590
2669.0000,-0.4303,-8.8721,-3.5489
2670.0000,-0.4291,-8.8468,-3.5387
2671.0000,-0.4278,-8.8216,-3.5286
2672.0000,-0.4266,-8.7964,-3.5186
2673.0000,-0.4254,-8.7713,-3.5085
2674.0000,-0.4242,-8.7463,-3.4985
2675.0000,-0.4230,-8.7213,-3.4885
2676.0000,-0.4218,-8.6965,-3.4786
2677.0000,-0.4206,-8.6716,-3.4687
2678.0000,-0.4194,-8.6469,-3.4588
2679.0000,-0.4182,-8.6222,-3.4489
2680.0000,-0.4170,-8.5976,-3.4391
2681.0000,-0.4158,-8.5731,-3.4292
2682.0000,-0.4146,-8.5486,-3.4195
2683.0000,-0.4134,-8.5243,-3.4097
2684.0000,-0.4122,-8.4999,-3.4000
2685.0000,-0.4111,-8.4757,-3.3903
2686.0000,-0.4099,-8.4515,-3.3806
2687.0000,-0.4087,-8.4274,-3.3710
2688.0000,-0.4076,-8.4033,-3.3613
2689.0000,-0.4064,-8.3794,-3.3517
2690.0000,-0.4052,-8.3555,-3.3422
2691.0000,-0.4041,-8.3316,-3.3327
2692.0000,-0.4029,-8.3079,-3.3231
2693.0000,-0.4018,-8.2842,-3.3137
2694.0000,-0.4006,-8.2605,-3.3042
2695.0000,-0.3995,-8.2370,-3.2948
2696.0000,-0.3984,-8.2135,-3.2854
2697.0000,-0.3972,-8.1900,-3.2760
2698.0000,-0.3961,-8.1667,-3.2667
2699.0000,-0.3950,-8.1434,-3.2573
2700.0000,-0.3938,-8.1201,-3.2480
2701.0000,-0.3927,-8.0969,-3.2388
2702.0000,-0.3916,-8.0738,-3.2295
2703.0000,-0.3905,-8.0508,-3.2203
2704.0000,-0.3894,-8.0278,-3.2111
2705.0000,-0.3882,-8.0049,-3.2020
2706.0000,-0.3871,-7.9821,-3.1928
2707.0000,-0.3860,-7.9593,-3.1837
2708.0000,-0.3849,-7.9366,-3.1746
2709.0000,-0.3838,-7.9140,-3.1656
2710.0000,-0.3827,-7.8914,-3.1566
2711.0000,-0.3816,-7.8689,-3.1476
2712.0000,-0.3806,-7.8464,-3.1386
2713.0000,-0.3795,-7.8240,-3.1296
2714.0000,-0.3784,-7.8017,-3.1207
2715.0000,-0.3773,-7.7795,-3.1118
2716.0000,-0.3762,-7.7573,-3.1029
2717.0000,-0.3752,-7.7351,-3.0941
2718.0000,-0.3741,-7.7131,-3.0852
2719.0000,-0.3730,-7.6911,-3.0764
2720.0000,-0.3720,-7.6691,-3.0676
2721.0000,-0.3709,-7.6472,-3.0589
2722.0000,-0.3698,-7.6254,-3.0502
2723.0000,-0.3688,-7.6037,-3.0415
2724.0000,-0.3677,-7.5820,-3.0328
2725.0000,-0.3667,-7.5603,-3.0241
2726.0000,-0.3656,-7.5388,-3.0155
2727.0000,-0.3646,-7.5173,-3.0069
2728.0000,-0.3635,-7.4958,-2.9983
2729.0000,-0.3625,-7.4744,-2.9898
2730.0000,-0.3615,-7.4531,-2.9812
2731.0000,-0.3604,-7.4318,-2.9727
2732.0000,-0.3594,-7.4106,-2.9643
2733.0000,-0.3584,-7.3895,-2.9558
2734.0000,-0.3574,-7.3684,-2.9474
2735.0000,-0.3563,-7.3474,-2.9390
2736.0000,-0.3553,-7.3264,-2.9306
2737.0000,-0.3543,-7.3055,-2.9222
2738.0000,-0.3533,-7.2847,-2.9139
2739.0000,-0.3523,-7.2639,-2.9056
2740.0000,-0.3513,-7.2432,-2.8973
2741.0000,-0.3503,-7.2225,-2.8890
2742.0000,-0.3493,-7.2019,-2.8808
2743.0000,-0.3483,-7.1814,-2.8725
2744.0000,-0.3473,-7.1609,-2.8643
2745.0000,-0.3463,-7.1404,-2.8562
2746.0000,-0.3453,-7.1201,-2.8480
2747.0000,-0.3443,-7.0997,-2.8399
2748.0000,-0.3434,-7.0795,-2.8318
2749.0000,-0.3424,-7.0593,-2.8237
2750.0000,-0.3414,-7.0391,-2.8157
2751.0000,-0.3404,-7.0191,-2.8076
2752.0000,-0.3395,-6.9990,-2.7996
2753.0000,-0.3385,-6.9791,-2.7916
2754.0000,-0.3375,-6.9592,-2.7837
2755.0000,-0.3366,-6.9393,-2.7757
2756.0000,-0.3356,-6.9195,-2.7678
2757.0000,-0.3346,-6.8998,-2.7599
2758.0000,-0.3337,-6.8801,-2.7520
2759.0000,-0.3327,-6.8605,-2.7442
2760.0000,-0.3318,-6.8409,-2.7364
2761.0000,-0.3308,-6.8214,-2.7285
2762.0000,-0.3299,-6.8019,-2.7208
2763.0000,-0.3290,-6.7825,-2.7130
2764.0000,-0.3280,-6.7631,-2.7053
2765.0000,-0.3271,-6.7438,-2.6975
2766.0000,-0.3261,-6.7246,-2.6898
2767.0000,-0.3252,-6.7054,-2.6822
2768.0000,-0.3243,-6.6863,-2.6745
2769.0000,-0.3234,-6.6672,-2.6669
2770.0000,-0.3224,-6.6482,-2.6593
2771.0000,-0.3215,-6.6292,-2.6517
2772.0000,-0.3206,-6.6103,-2.6441
2773.0000,-0.3197,-6.5914,-2.6366
2774.0000,-0.3188,-6.5726,-2.6291
2775.0000,-0.3179,-6.5539,-2.6216
2776.0000,-0.3170,-6.5352,-2.6141
2777.0000,-0.3161,-6.5165,-2.6066
2778.0000,-0.3152,-6.4980,-2.5992
2779.0000,-0.3143,-6.4794,-2.5918
2780.0000,-0.3134,-6.4609,-2.5844
2781.0000,-0.3125,-6.4425,-2.5770
2782.0000,-0.3116,-6.4241,-2.5696
2783.0000,-0.3107,-6.4058,-2.5623
2784.0000,-0.3098,-6.3875,-2.5550
2785.0000,-0.3089,-6.3693,-2.5477
2786.0000,-0.3080,-6.3511,-2.5404
2787.0000,-0.3072,-6.3330,-2.5332
2788.0000,-0.3063,-6.3149,-2.5260
2789.0000,-0.3054,-6.2969,-2.5188
2790.0000,-0.3045,-6.2789,-2.5116
2791.0000,-0.3037,-6.2610,-2.5044
2792.0000,-0.3028,-6.2432,-2.4973
2793.0000,-0.3019,-6.2254,-2.4901
2794.0000,-0.3011,-6.2076,-2.4830
2795.0000,-0.3002,-6.1899,-2.4760
2796.0000,-0.2994,-6.1722,-2.4689
2797.0000,-0.2985,-6.1546,-2.4618
2798.0000,-0.2976,-6.1371,-2.4548
2799.0000,-0.2968,-6.1195,-2.4478
2800.0000,-0.2960,-6.1021,-2.4408
2801.0000,-0.2951,-6.0847,-2.4339
2802.0000,-0.2943,-6.0673,-2.4269
2803.0000,-0.2934,-6.0500,-2.4200
2804.0000,-0.2926,-6.0327,-2.4131
2805.0000,-0.2918,-6.0155,-2.4062
2806.0000,-0.2909,-5.9984,-2.3993
2807.0000,-0.2901,-5.9813,-2.3925
2808.0000,-0.2893,-5.9642,-2.3857
2809.0000,-0.2884,-5.9472,-2.3789
2810.0000,-0.2876,-5.9302,-2.3721
2811.0000,-0.2868,-5.9133,-2.3653
2812.0000,-0.2860,-5.8964,-2.3586
2813.0000,-0.2852,-5.8796,-2.3518
2814.0000,-0.2843,-5.8628,-2.3451
2815.0000,-0.2835,-5.8461,-2.3384
2816.0000,-0.2827,-5.8294,-2.3318
2817.0000,-0.2819,-5.8128,-2.3251
2818.0000,-0.2811,-5.7962,-2.3185
2819.0000,-0.2803,-5.7797,-2.3119
2820.0000,-0.2795,-5.7632,-2.3053
2821.0000,-0.2787,-5.7467,-2.2987
2822.0000,-0.2779,-5.7303,-2.2921
2823.0000,-0.2771,-5.7140,-2.2856
2824.0000,-0.2763,-5.6977,-2.2791
2825.0000,-0.2755,-5.6814,-2.2726
2826.0000,-0.2748,-5.6652,-2.2661
2827.0000,-0.2740,-5.6491,-2.2596
2828.0000,-0.2732,-5.6329,-2.2532
2829.0000,-0.2724,-5.6169,-2.2467
2830.0000,-0.2716,-5.6008,-2.2403
2831.0000,-0.2709,-5.5849,-2.2339
2832.0000,-0.2701,-5.5689,-2.2276
2833.0000,-0.2693,-5.5530,-2.2212
2834.0000,-0.2686,-5.5372,-2.2149
2835.0000,-0.2678,-5.5214,-2.2086
2836.0000,-0.2670,-5.5056,-2.2023
2837.0000,-0.2663,-5.4899,-2.1960
2838.0000,-0.2655,-5.4743,-2.1897
2839.0000,-0.2647,-5.4587,-2.1835
2840.0000,-0.2640,-5.4431,-2.1772
2841.0000,-0.2632,-5.4275,-2.1710
2842.0000,-0.2625,-5.4121,-2.1648
2843.0000,-0.2617,-5.3966,-2.1586
2844.0000,-0.2610,-5.3812,-2.1525
2845.0000,-0.2602,-5.3659,-2.1463
2846.0000,-0.2595,-5.3506,-2.1402
2847.0000,-0.2588,-5.3353,-2.1341
2848.0000,-0.2580,-5.3201,-2.1280
2849.0000,-0.2573,-5.3049,-2.1220
2850.0000,-0.2566,-5.2898,-2.1159
2851.0000,-0.2558,-5.2747,-2.1099
2852.0000,-0.2551,-5.2596,-2.1038
2853.0000,-0.2544,-5.2446,-2.0978
2854.0000,-0.2536,-5.2297,-2.0919
2855.0000,-0.2529,-5.2147,-2.0859
2856.0000,-0.2522,-5.1999,-2.0799
2857.0000,-0.2515,-5.1850,-2.0740
2858.0000,-0.2508,-5.1702,-2.0681
2859.0000,-0.2500,-5.1555,-2.0622
2860.0000,-0.2493,-5.1408,-2.0563
2861.0000,-0.2486,-5.1261,-2.0504
2862.0000,-0.2479,-5.1115,-2.0446
2863.0000,-0.2472,-5.0969,-2.0388
2864.0000,-0.2465,-5.0823,-2.0329
2865.0000,-0.2458,-5.0678,-2.0271
2866.0000,-0.2451,-5.0534,-2.0214
2867.0000,-0.2444,-5.0390,-2.0156
2868.0000,-0.2437,-5.0246,-2.0098
2869.0000,-0.2430,-5.0103,-2.0041
2870.0000,-0.2423,-4.9960,-1.9984
2871.0000,-0.2416,-4.9817,-1.9927
2872.0000,-0.2409,-4.9675,-1.9870
2873.0000,-0.2402,-4.9533,-1.9813
2874.0000,-0.2396,-4.9392,-1.9757
2875.0000,-0.2389,-4.9251,-1.9700
2876.0000,-0.2382,-4.9110,-1.9644
2877.0000,-0.2375,-4.8970,-1.9588
2878.0000,-0.2368,-4.8831,-1.9532
2879.0000,-0.2362,-4.8691,-1.9477
2880.0000,-0.2355,-4.8552,-1.9421
2881.0000,-0.2348,-4.8414,-1.9366
2882.0000,-0.2341,-4.8276,-1.9310
2883.0000,-0.2335,-4.8138,-1.9255
2884.0000,-0.2328,-4.8001,-1.9200
2885.0000,-0.2321,-4.7864,-1.9145
2886.0000,-0.2315,-4.7727,-1.9091
2887.0000,-0.2308,-4.7591,-1.9036
2888.0000,-0.2302,-4.7455,-1.8982
2889.0000,-0.2295,-4.7320,-1.8928
2890.0000,-0.2288,-4.7185,-1.8874
2891.0000,-0.2282,-4.7050,-1.8820
2892.0000,-0.2275,-4.6916,-1.8766
2893.0000,-0.2269,-4.6782,-1.8713
2894.0000,-0.2262,-4.6649,-1.8659
2895.0000,-0.2256,-4.6516,-1.8606
2896.0000,-0.2250,-4.6383,-1.8553
2897.0000,-0.2243,-4.6251,-1.8500
2898.0000,-0.2237,-4.6119,-1.8447
2899.0000,-0.2230,-4.5987,-1.8395
2900.0000,-0.2224,-4.5856,-1.8342
2901.0000,-0.2218,-4.5725,-1.8290
2902.0000,-0.2211,-4.5594,-1.8238
2903.0000,-0.2205,-4.5464,-1.8186
2904.0000,-0.2199,-4.5335,-1.8134
2905.0000,-0.2192,-4.5205,-1.8082
2906.0000,-0.2186,-4.5076,-1.8031
2907.0000,-0.2180,-4.4948,-1.7979
2908.0000,-0.2174,-4.4820,-1.7928
2909.0000,-0.2168,-4.4692,-1.7877
2910.0000,-0.2161,-4.4564,-1.7826
2911.0000,-0.2155,-4.4437,-1.7775
2912.0000,-0.2149,-4.4310,-1.7724
2913.0000,-0.2143,-4.4184,-1.7674
2914.0000,-0.2137,-4.4058,-1.7623
2915.0000,-0.2131,-4.3932,-1.7573
2916.0000,-0.2125,-4.3807,-1.7523
2917.0000,-0.2119,-4.3682,-1.7473
2918.0000,-0.2113,-4.3557,-1.7423
2919.0000,-0.2106,-4.3433,-1.7373
2920.0000,-0.2100,-4.3309,-1.7324
2921.0000,-0.2094,-4.3185,-1.7274
2922.0000,-0.2089,-4.3062,-1.7225
2923.0000,-0.2083,-4.2939,-1.7176
2924.0000,-0.2077,-4.2817,-1.7127
2925.0000,-0.2071,-4.2695,-1.7078
2926.0000,-0.2065,-4.2573,-1.7029
2927.0000,-0.2059,-4.2451,-1.6981
2928.0000,-0.2053,-4.2330,-1.6932
2929.0000,-0.2047,-4.2209,-1.6884
2930.0000,-0.2041,-4.2089,-1.6836
2931.0000,-0.2035,-4.1969,-1.6788
2932.0000,-0.2030,-4.1849,-1.6740
2933.0000,-0.2024,-4.1730,-1.6692
2934.0000,-0.2018,-4.1611,-1.6644
2935.0000,-0.2012,-4.1492,-1.6597
2936.0000,-0.2007,-4.1374,-1.6549
2937.0000,-0.2001,-4.1256,-1.6502
2938.0000,-0.1995,-4.1138,-1.6455
2939.0000,-0.1989,-4.1021,-1.6408
2940.0000,-0.1984,-4.0903,-1.6361
2941.0000,-0.1978,-4.0787,-1.6315
2942.0000,-0.1973,-4.0670,-1.6268
2943.0000,-0.1967,-4.0554,-1.6222
2944.0000,-0.1961,-4.0439,-1.6175
2945.0000,-0.1956,-4.0323,-1.6129
2946.0000,-0.1950,-4.0208,-1.6083
2947.0000,-0.1945,-4.0094,-1.6037
2948.0000,-0.1939,-3.9979,-1.5992
2949.0000,-0.1933,-3.9865,-1.5946
2950.0000,-0.1928,-3.9751,-1.5901
2951.0000,-0.1922,-3.9638,-1.5855
2952.0000,-0.1917,-3.9525,-1.5810
2953.0000,-0.1911,-3.9412,-1.5765
2954.0000,-0.1906,-3.9300,-1.5720
2955.0000,-0.1901,-3.9188,-1.5675
2956.0000,-0.1895,-3.9076,-1.5630
2957.0000,-0.1890,-3.8964,-1.5586
2958.0000,-0.1884,-3.8853,-1.5541
2959.0000,-0.1879,-3.8742,-1.5497
2960.0000,-0.1874,-3.8632,-1.5453
2961.0000,-0.1868,-3.8521,-1.5409
2962.0000,-0.1863,-3.8412,-1.5365
2963.0000,-0.1858,-3.8302,-1.5321
2964.0000,-0.1852,-3.8193,-1.5277
2965.0000,-0.1847,-3.8084,-1.5233
2966.0000,-0.1842,-3.7975,-1.5190
2967.0000,-0.1837,-3.7867,-1.5147
2968.0000,-0.1831,-3.7759,-1.5103
2969.0000,-0.1826,-3.7651,-1.5060
2970.0000,-0.1821,-3.7544,-1.5017
2971.0000,-0.1816,-3.7436,-1.4975
2972.0000,-0.1810,-3.7330,-1.4932
2973.0000,-0.1805,-3.7223,-1.4889
2974.0000,-0.1800,-3.7117,-1.4847
2975.0000,-0.1795,-3.7011,-1.4804
2976.0000,-0.1790,-3.6905,-1.4762
2977.0000,-0.1785,-3.6800,-1.4720
2978.0000,-0.1780,-3.6695,-1.4678
2979.0000,-0.1775,-3.6590,-1.4636
2980.0000,-0.1770,-3.6486,-1.4594
2981.0000,-0.1765,-3.6382,-1.4553
2982.0000,-0.1759,-3.6278,-1.4511
2983.0000,-0.1754,-3.6175,-1.4470
2984.0000,-0.1749,-3.6071,-1.4429
2985.0000,-0.1744,-3.5969,-1.4387
2986.0000,-0.1739,-3.5866,-1.4346
2987.0000,-0.1735,-3.5764,-1.4305
2988.0000,-0.1730,-3.5662,-1.4265
2989.0000,-0.1725,-3.5560,-1.4224
2990.0000,-0.1720,-3.5458,-1.4183
2991.0000,-0.1715,-3.5357,-1.4143
2992.0000,-0.1710,-3.5256,-1.4103
2993.0000,-0.1705,-3.5156,-1.4062
2994.0000,-0.1700,-3.5055,-1.4022
2995.0000,-0.1695,-3.4955,-1.3982
2996.0000,-0.1690,-3.4856,-1.3942
2997.0000,-0.1686,-3.4756,-1.3902
2998.0000,-0.1681,-3.4657,-1.3863
2999.0000,-0.1676,-3.4558,-1.3823
